id,response
1,"研究動機：
- 媒體對同一主題的報導經常有明顯差異，不同報紙的報導風格是否有明顯差異？

研究目的：
- 比較臺灣四大報《蘋果日報》、《自由時報》、《聯合報》、《中國時報》的報導風格，以報紙報導風格為研究目標。
- 避免報紙立場及題材造成的干擾，本文選取每天頭版頭條新聞。資料期間為2012年至2018年，其中頭條標題涵蓋四大報，但頭條內文僅有《蘋果日報》、《自由時報》。
- 本文分析常用詞彙、句長、標點、虛字等關鍵詞元素，探討不同報紙在報導風格上的差異。

研究方法：
- 文字分析法：從詞彙、句長、標點、虛字等角度進行分析。
- 統計分析法：將四大報頭條標題及內文分成不同群，進行比較分析。
- 機器學習模型：使用統計及機器學習模型來區隔《自由時報》或《蘋果日報》。

研究結果：
- 四大報頭條標題及內文的用字風格不完全相同，其中標題的Jaccard指標將同時期報導放在同一群，Yue指標將四大報分成三群。
- 內文分析發現《自由時報》傾向政治新聞，《蘋果日報》傾向社會新聞，以能夠代表兩報的常見詞彙為解釋變數，統計及機器學習模型都能準確地區隔《自由時報》或《蘋果日報》。"
2,"研究動機：
- 媒體對同一主題的報導經常有明顯差異，本研究探討報紙報導風格之差異。

研究目的：
- 比較臺灣四大報《蘋果日報》、《自由時報》、《聯合報》、《中國時報》的報導風格。
- 評估報紙頭條標題及內文的口吻和風格的不同。
- 探索各報對主題相似的新聞報導的差異。
- 評估常用詞彙、句長、標點、虛字等因素對各報風格的影響。

研究方法：
- 選取每日頭版頭條新聞，範圍為2012年至2018年，濾除報紙立場及題材影響。
- 以常用詞彙、句長、標點、虛字等因素作為解釋變數，分析各報標題及內文的用字風格。 
- 使用 Jaccard指標和 Yue指標比較報紙標題之間的相似度，區分報社風格的不同；統計和機器學習模型評估常用詞彙的對各報風格的影響，並進行區隔。

研究結果：
- 四大報頭條標題及內文的用字風格不完全相同。標題的Jaccard指標將同時期報導放在同一群，Yue指標將四大報分成三群。
- 報紙內文分析發現《自由時報》傾向政治新聞，《蘋果日報》傾向社會新聞。
- 經統計及機器學習分析，使用常見詞彙可以準確地區隔《自由時報》或《蘋果日報》。"
3,"研究動機：
- 媒體對同一主題的報導經常有明顯差異。

研究目的：
- 比較臺灣四大報《蘋果日報》、《自由時報》、《聯合報》、《中國時報》的報導風格。
- 探討報紙報導的常用詞彙、句長、標點、虛字的使用情況。
- 分析頭條標題及內文的用字風格，並區分四大報的報導偏好。

研究方法：
- 以報紙頭版頭條新聞為研究對象，避免報紙立場及題材造成的干擾。
- 資料期間為2012年至2018年。
- 使用Jaccard指標及Yue指標區分四大報的風格差異。
- 以常見詞彙為解釋變數，結合統計及機器學習模型進行分析。

研究結果：
- 四大報頭條標題及內文的用字風格不完全相同，以常用詞彙為解釋變數可以區分出《自由時報》與《蘋果日報》。
- 標題的Jaccard指標將同時期報導放在同一群，Yue指標將四大報分成三群。
- 《自由時報》偏好報導政治新聞，而《蘋果日報》則偏好報導社會新聞。"
4,"研究動機：
- 媒體對同一主題的報導經常有明顯差異，希望透過研究報紙報導風格，了解不同媒體的報導風格差異。

研究目的：
- 比較臺灣四大報《蘋果日報》、《自由時報》、《聯合報》、《中國時報》的報導風格。
- 分析常用詞彙、句長、標點、虛字等因素對報導風格的影響。
- 了解不同報紙的用字風格及其對不同類型新聞的偏好。

研究方法：
- 選取每天頭版頭條新聞作為研究對象，資料期間為2012年至2018年。
- 蒐集《蘋果日報》、《自由時報》、《聯合報》、《中國時報》的報導內容，分析常用詞彙、句長、標點、虛字等因素對報導風格的影響。
- 使用Jaccard指標及Yue指標將四大報的報導分類，並以能代表不同報紙風格的常見詞彙為解釋變數，進行統計及機器學習模型分析。

研究結果：
- 四大報頭條標題及內文的用字風格不完全相同，其中標題的Jaccard指標將同時期報導放在同一群，Yue指標將四大報分成三群。
- 內文分析發現《自由時報》傾向政治新聞，《蘋果日報》傾向社會新聞。
- 統計及機器學習模型能夠準確地區隔《自由時報》或《蘋果日報》。"
5,"研究動機：
- 媒體對同一主題的報導經常有明顯差異，因此探討報紙報導風格的差異性。

研究目的：
- 比較臺灣四大報《蘋果日報》、《自由時報》、《聯合報》、《中國時報》的報導風格。
- 分析常用詞彙、句長、標點、虛字等報導風格的差異
- 區隔出不同報紙的報導風格，分析其特色與偏好。

研究方法：
- 選取每天頭版頭條新聞作為研究對象，資料期間為2012年至2018年。
- 比較四大報的報導風格，包括常用詞彙、句長、標點、虛字等方面。
- 使用Jaccard指標及Yue指標分析四大報頭條標題之差異性。
- 以常見詞彙為解釋變數，進行統計及機器學習分析。

研究結果：
- 四大報的報導風格不完全相同，尤其在頭條標題方面更加明顯。
- 頭條標題的Jaccard指標將同時期報導放在同一群，Yue指標將四大報分成三群。
- 內文分析發現《自由時報》傾向政治新聞，《蘋果日報》傾向社會新聞。 
- 統計及機器學習模型都能夠區隔出《自由時報》或《蘋果日報》的報導風格。"
6,"研究動機：
- 媒體對同一主題的報導存在明顯差異

研究目的：
- 比較臺灣四大報《蘋果日報》、《自由時報》、《聯合報》、《中國時報》的報導風格
- 以報紙報導頭版頭條新聞為分析對象
- 分析報紙常用詞彙、句長、標點、虛字等標記，探討使用情況
- 區隔報紙風格特色

研究方法：
- 選取每天頭版頭條新聞，資料期間為2012年至2018年
- 分析常用詞彙、句長、標點、虛字等標記特點
- 利用Jaccard和Yue指標區分報紙風格
- 使用統計和機器學習模型區分《自由時報》或《蘋果日報》的風格特色

研究結果：
- 四大報頭條標題及內文的用字風格不完全相同
- 標題的Jaccard指標將同時期報導放在同一群，Yue指標將四大報分成三群
- 《自由時報》傾向政治新聞，《蘋果日報》傾向社會新聞
- 利用常見詞彙作為解釋變數，統計及機器學習模型都能準確地區隔《自由時報》或《蘋果日報》的風格特色"
7,"研究動機：
- 媒體對同一主題報導的風格有明顯差異，想探討報紙報導風格的差異。

研究目的：
- 比較臺灣四大報《蘋果日報》、《自由時報》、《聯合報》、《中國時報》的報導風格。
- 了解四大報的報導風格有何不同之處。

研究方法：
- 選取每天頭版頭條新聞，資料期間為2012年至2018年。
- 比較四大報的報導風格在常用詞彙、句長、標點、虛字等方面的差異。
- 使用Jaccard指標與Yue指標來比較報紙頭條標題的相似度。
- 使用統計及機器學習模型來區分《自由時報》或《蘋果日報》。

研究結果：
- 四大報的報導風格不完全相同，使用Jaccard指標將同時期報導放在同一群，Yue指標將四大報分成三群。
- 《自由時報》傾向政治新聞，《蘋果日報》傾向社會新聞。
- 統計及機器學習模型能準確地區隔《自由時報》或《蘋果日報》。"
8,"研究動機：
- 媒體對同一主題的報導經常有明顯差異，想探討報紙報導風格的差異。

研究目的：
- 比較臺灣四大報《蘋果日報》、《自由時報》、《聯合報》、《中國時報》的報導風格。
- 探討報紙頭條標題及內文在用字風格上的差異。
- 分析報紙用字風格是否與其傾向報導的類別有所關聯。

研究方法：
- 選取每天頭版頭條新聞，資料期間為2012年至2018年。
- 分析常用詞彙、句長、標點、虛字等特徵，並使用Jaccard指標和Yue指標進行群組分析。
- 結合統計及機器學習模型進行分析。

研究結果：
- 四大報頭條標題及內文的用字風格不完全相同，其中標題的Jaccard指標將同時期報導放在同一群，Yue指標將四大報分成三群;
- 內文分析發現《自由時報》傾向政治新聞，《蘋果日報》傾向社會新聞，以能夠代表兩報的常見詞彙為解釋變數，統計及機器學習模型都能準確地區隔《自由時報》或《蘋果日報》。"
9,"研究動機：
- 報導同一主題的報導經常有明顯差異，因此希望透過比較報紙的報導風格，了解不同報紙如何撰寫頭版頭條新聞。

研究目的：
- 比較臺灣四大報《蘋果日報》、《自由時報》、《聯合報》、《中國時報》的報導風格。
- 探討四大報頭條標題及內文的用字風格差異。
- 分析常用詞彙、句長、標點、虛字等變數，了解不同報社的特色。
- 建立模型區分《自由時報》或《蘋果日報》。

研究方法：
- 選取每天頭版頭條新聞，資料期間為2012年至2018年。
- 比較四大報頭條標題及內文的用字風格差異，分析Jaccard指標及Yue指標，進行分群。
- 分析常用詞彙、句長、標點、虛字等變數，透過統計及機器學習等方法區分《自由時報》或《蘋果日報》。

研究結果：
- 四大報頭條標題及內文的用字風格不完全相同，其中標題的Jaccard指標將同時期報導放在同一群，Yue指標將四大報分成三群。
- 《自由時報》傾向政治新聞，《蘋果日報》傾向社會新聞。
- 建立的模型可以準確地區隔《自由時報》或《蘋果日報》。"
10,"研究動機：
- 媒體對同一主題的報導經常有明顯差異

研究目的：
- 比較臺灣四大報《蘋果日報》、《自由時報》、《聯合報》、《中國時報》的報導風格
- 研究報紙報導中常用詞彙、句長、標點、虛字等因素對報導風格的影響
- 探討不同報紙的報導偏好與支持度

研究方法：
- 選取每天頭版頭條新聞，資料期間為2012年至2018年
- 比較分析四大報的報導風格，包括常用詞彙、句長、標點、虛字等因素
- 利用Jaccard指標和Yue指標將四大報分群，以區分其風格差異
- 採用統計及機器學習模型區分《自由時報》或《蘋果日報》

研究結果：
- 四大報頭條標題和內文的報導風格存在差異
- 標題的Jaccard指標將同時期報導放在同一群，Yue指標將四大報分成三群
- 《自由時報》傾向政治新聞，而《蘋果日報》傾向社會新聞
- 利用常見詞彙為解釋變數，統計及機器學習模型能夠準確地區隔《自由時報》或《蘋果日報》。"
11,"研究動機：
- 媒體同一主題的報導存在明顯差異，想要比較臺灣四大報的報導風格。

研究目的：
- 比較臺灣四大報《蘋果日報》、《自由時報》、《聯合報》、《中國時報》的報導風格。
- 分析四大報頭條標題及內文的用字風格。
- 探討四大報頭條標題及內文的差異。
- 測試統計及機器學習模型在區隔報紙風格上的效果。

研究方法：
- 選取每天頭版頭條新聞，資料期間為2012年至2018年。
- 分析常用詞彙、句長、標點、虛字等因素。
- 透過Jaccard指標及Yue指標將同時期報導及四大報分類。
- 以能代表兩報風格的常見詞彙為解釋變數，分別使用統計及機器學習模型區隔《自由時報》或《蘋果日報》。

研究結果：
- 四大報頭條標題及內文的用字風格不完全相同。
- 透過Jaccard指標分類，同期報導被歸為同一群；透過Yue指標分類，四大報被區分為三群。
- 《自由時報》偏向政治新聞，而《蘋果日報》偏向社會新聞。
- 統計及機器學習模型皆能準確地區隔《自由時報》或《蘋果日報》。"
12,"研究動機：
- 媒體對同一主題的報導經常有明顯差異，探討不同報紙的報導風格。

研究目的：
- 比較臺灣四大報《蘋果日報》、《自由時報》、《聯合報》、《中國時報》的報導風格。
- 探究四大報報導風格的差異，包括常用詞彙、句長、標點、虛字等。
- 分析四大報報導風格的差異是否有明顯的趨勢。

研究方法：
- 選取每天頭版頭條新聞，資料期間為2012年至2018年，分析頭條標題及內文。
- 比較四大報的標題用字風格，使用Jaccard指標及Yue指標進行分析。
- 比較四大報的常用詞彙，建立統計及機器學習模型進行分類分析。

研究結果：
- 四大報的標題用字風格不完全相同，Jaccard指標將同時期報導放在同一群，Yue指標將四大報分成三群。
- 《自由時報》傾向報導政治新聞，而《蘋果日報》傾向報導社會新聞。
- 統計及機器學習模型都能有效區隔《自由時報》或《蘋果日報》。"
13,"研究動機：
媒體對同一主題的報導經常有明顯差異，想進一步了解臺灣四大報的報導風格差異，並且分析可能的原因。

研究目的：
比較臺灣四大報《蘋果日報》、《自由時報》、《聯合報》、《中國時報》的報導風格，並且找出標題常用詞彙、句長、標點、虛字的差異。同時，透過樣本統計及機器學習模型，區隔出報紙的身分。

研究方法：
利用每日頭版頭條新聞，資料期間為2012年至2018年，避免報紙立場及題材干擾，選取相同主題頭條標題涵蓋四大報，但頭條內文僅有《蘋果日報》、《自由時報》。接著，分析常用詞彙、句長、標點、虛詞等報導風格差異。

研究結果：
1. 四大報的頭條標題用字風格不完全相同，其中標題的Jaccard指標將同時期報導放在同一群，Yue指標將四大報分成三群。
2. 內文分析發現《自由時報》傾向政治新聞，《蘋果日報》傾向社會新聞。
3. 以能夠代表兩報的常見詞彙為解釋變數，統計及機器學習模型都能準確地區隔《自由時報》或《蘋果日報》。"
14,"研究動機：
1. 媒體對同一主題的報導經常有明顯差異。
2. 想比較臺灣四大報的報導風格。

研究目的：
了解四大報的報導風格是否完全相同，並分析其相異之處。

研究方法：
1. 選取每天頭版頭條新聞，資料期間為2012年至2018年。
2. 比較四大報在報導標題及內文的常用詞彙、句長、標點、虛字等語言特徵，並分析其風格是否有不同。
3. 使用Jaccard指標和Yue指標進行分類。
4. 選用統計及機器學習模型進行分析。

研究結果：
1. 四大報頭條標題及內文的用字風格不完全相同。
2. 標題的Jaccard指標將同時期報導放在同一群，Yue指標將四大報分成三群。
3. 內文分析發現《自由時報》傾向政治新聞，《蘋果日報》傾向社會新聞。
4. 使用常見詞彙作為解釋變數的統計及機器學習模型，都能準確地區隔《自由時報》或《蘋果日報》。"
15,"研究動機：
- 媒體對同一主題的報導經常有明顯差異，希望了解不同報紙的報導風格與特點。

研究目的：
- 比較臺灣四大報《蘋果日報》、《自由時報》、《聯合報》、《中國時報》的報導風格。
- 探討不同報紙的常用詞彙、句長、標點、虛字等特徵，以了解其報導風格的差異。
- 利用統計及機器學習模型將《自由時報》或《蘋果日報》區分出來。

研究方法：
- 選取每天頭版頭條新聞，資料期間為2012年至2018年，標題涵蓋四大報，內文分析僅有《蘋果日報》、《自由時報》。
- 進行常用詞彙、句長、標點、虛字等特徵分析。
- 利用Jaccard指標及Yue指標分群進行風格比較。
- 利用統計及機器學習模型區分出《自由時報》或《蘋果日報》。

研究結果：
- 四大報頭條標題及內文的用字風格不完全相同，其中標題的Jaccard指標將同時期報導放在同一群，Yue指標將四大報分成三群。
- 《自由時報》傾向政治新聞，《蘋果日報》傾向社會新聞，以能夠代表兩報的常見詞彙為解釋變數，統計及機器學習模型都能準確地區隔《自由時報》或《蘋果日報》。"
16,"研究動機：
- 媒體對同一主題的報導經常存在差異，想要比較四大報的報導風格。

研究目的：
- 比較臺灣四大報《蘋果日報》、《自由時報》、《聯合報》、《中國時報》的報導風格。
- 分析常用詞彙、句長、標點、虛字等元素的使用情況。
- 比較頭條標題與內文風格的差異。
- 探討可能影響風格差異的因素。

研究方法：
- 選取每日頭版頭條新聞作為研究對象。
- 資料期間為2012年至2018年。
- 分析常用詞彙、句長、標點及虛字等元素的使用情況。
- 使用Jaccard指標、Yue指標等統計方法將同期報導放在同一群或分成多個群。
- 針對《自由時報》、《蘋果日報》的內文，使用統計及機器學習模型區隔。

研究結果：
- 四大報頭條標題及內文的用字風格不完全相同。
- 標題的Jaccard指標將同時期報導放在同一群，Yue指標將四大報分成三群。
- 《自由時報》傾向報導政治新聞，而《蘋果日報》則傾向社會新聞。
- 頭條內文僅有《蘋果日報》、《自由時報》；使用常見詞彙作為解釋變數，統計及機器學習模型能夠區隔出兩報的內容。"
17,"研究動機：報導風格的不同可能影響媒體傳遞的訊息及讀者對該主題的理解。

研究目的：比較臺灣四大報的報導風格差異，探討其可能影響到媒體訊息傳遞的效果。

研究方法：選取每天頭版頭條新聞，資料期間為2012年至2018年。採用常用詞彙、句長、標點、虛字等方面的分析方法，利用Jaccard指標及Yue指標進行分群比較，並以統計及機器學習模型進一步區隔不同報紙的報導風格。

研究結果：四大報頭條標題及內文的用字風格不完全相同，其中標題的Jaccard指標將同時期報導放在同一群，Yue指標將四大報分成三群。內文分析發現《自由時報》傾向政治新聞，《蘋果日報》傾向社會新聞，以常見詞彙為解釋變數的統計及機器學習模型能準確地區隔不同報紙的報導風格。"
18,"研究動機：
- 媒體對同一主題的報導經常有明顯差異，想要探討這些差異是否呈現在報紙的報導風格上。

研究目的：
- 比較臺灣四大報的報導風格，著重分析常用詞彙、句長、標點、虛字等方面的變化。
- 探討報紙的標題和內文在用字風格上的異同。

研究方法：
- 選取每天頭版頭條新聞，時間範圍為2012年至2018年。
- 分析常用詞彙、句長、標點、虛字等風格特徵。
- 使用Jaccard指標和Yue指標將同時期報導分群。
- 以能夠代表兩報的常見詞彙為解釋變數，使用統計及機器學習模型區隔《自由時報》或《蘋果日報》。

研究結果：
- 四大報頭條標題及內文的用字風格不完全相同，其中標題的Jaccard指標將同時期報導放在同一群，Yue指標將四大報分成三群。
- 內文分析發現《自由時報》傾向政治新聞，《蘋果日報》傾向社會新聞。
- 統計及機器學習模型都能準確地區隔《自由時報》或《蘋果日報》。"
19,"研究動機：
- 媒體對同一主題的報導經常有明顯差異，本研究希望探討不同報社的報導風格及其特徵。

研究目的：
- 比較臺灣四大報《蘋果日報》、《自由時報》、《聯合報》、《中國時報》的報導風格。
- 分析常用詞彙、句長、標點、虛字等因素對報導風格的影響。
- 了解四大報頭條標題及內文的用字風格。
- 探討影響報導風格的因素。

研究方法：
- 選取每天頭版頭條新聞，資料期間為2012年至2018年。
- 分析常用詞彙、句長、標點、虛字等因素對報導風格的影響。
- 應用Jaccard指標及Yue指標比較四大報頭條標題及內文的用字風格。
- 以能夠代表兩報的常見詞彙為解釋變數，使用統計及機器學習模型進行分析。

研究結果：
- 四大報頭條標題及內文的用字風格不完全相同。
- 標題的Jaccard指標將同時期報導放在同一群，Yue指標將四大報分成三群。
- 內文分析發現《自由時報》傾向政治新聞，《蘋果日報》傾向社會新聞。
- 統計及機器學習模型都能準確地區隔《自由時報》或《蘋果日報》。"
20,"研究動機：
1. 媒體對同一主題報導差異大，想了解可能的報導風格差異。

研究目的：
1. 比較臺灣四大報報導風格差異。
2. 基於報導風格差異，試圖區隔出不同報紙。

研究方法：
1. 選取每天頭版頭條新聞，資料期間為2012年至2018年。
2. 分析常用詞彙、句長、標點、虛字等語言特徵。
3. 使用Jaccard指標及Yue指標作為集群分析方法。

研究結果：
1. 四大報頭條標題及內文的用字風格不完全相同。
2. 標題的Jaccard指標將同時期報導放在同一群，Yue指標將四大報分成三群。
3. 內文分析發現《自由時報》傾向政治新聞，《蘋果日報》傾向社會新聞，以常見詞彙為解釋變數，統計及機器學習模型都能區隔出《自由時報》或《蘋果日報》。"
21,"研究動機：
媒體在報導同一主題時，風格有所差異，想探究此現象背後的原因。

研究目的：
比較四大報《蘋果日報》、《自由時報》、《聯合報》、《中國時報》的報導風格，分析其常用詞彙、句長、標點、虛字等詞彙特徵，探討不同報紙報導風格的差異。

研究方法：
選取每天頭版頭條新聞，資料期間為2012年至2018年，進行常用詞彙、句長、標點、虛字等詞彙特徵分析，以Jaccard指標和Yue指標來區分四大報的報導風格，並使用統計與機器學習模型進行區分。

研究結果：
1. 四大報頭條標題及內文的用字風格不完全相同，標題的Jaccard指標將同時期報導放在同一群，Yue指標將四大報分成三群。
2. 內文分析發現《自由時報》傾向政治新聞，《蘋果日報》傾向社會新聞。
3. 透過統計和機器學習模型，能夠準確地區隔《自由時報》或《蘋果日報》的風格特徵。"
22,"研究動機：
- 媒體對同一主題的報導經常有明顯差異，想要探討報紙報導風格的差異。

研究目的：
- 比較臺灣四大報《蘋果日報》、《自由時報》、《聯合報》、《中國時報》的報導風格。
- 探討四大報的頭條標題及內文用字風格是否相同。
- 統計及機器學習 模型都能否區隔出《自由時報》或《蘋果日報》。

研究方法：
- 選取每天頭版頭條新聞，資料期間為2012年至2018年，其中頭條標題涵蓋四大報，但頭條內文僅有《蘋果日報》、《自由時報》。
- 分析常用詞彙、句長、標點、虛字等因素進行比較。
- 使用Jaccard指標及Yue指標將報導放成不同的群組。
- 使用統計及機器學習模型區隔《自由時報》或《蘋果日報》。

研究結果：
- 發現四大報的頭條標題及內文的用字風格不完全相同，其中標題的Jaccard指標將同時期報導放在同一群，Yue指標將四大報分成三群。
- 內文分析發現《自由時報》傾向政治新聞，《蘋果日報》傾向社會新聞。
- 能夠使用常見詞彙為解釋變數的統計及機器學習模型準確地區隔出《自由時報》或《蘋果日報》。"
23,"研究動機：
- 媒體對同一主題的報導經常有明顯差異，研究比較不同媒體的報導風格。

研究目的：
- 比較臺灣四大報《蘋果日報》、《自由時報》、《聯合報》、《中國時報》報導風格的差異。
- 探討四大報頭條標題及內文的用字風格差異。
- 分析用字風格之間的關係及差異。

研究方法：
- 選取2012年至2018年期間每天頭版頭條新聞，資料包含四大報的頭條標題，並且分析《自由時報》及《蘋果日報》的頭條內文。
- 分析常用詞彙、句長、標點、虛字等，比較四大報報導風格的差異。
- 以Jaccard指標及Yue指標區分四大報風格的不同，並以統計及機器學習 模型進行分類。

研究結果：
- 四大報頭條標題及內文的用字風格不完全相同，其中標題的Jaccard指標將同時期報導放在同一群，Yue指標將四大報分成三群。
- 內文分析發現《自由時報》傾向政治新聞，《蘋果日報》傾向社會新聞。
- 以能夠代表兩報的常見詞彙為解釋變數，統計及機器學習 模型都能準確地區隔《自由時報》或《蘋果日報》。"
24,"研究動機：
- 媒體對同一主題報導的差異明顯，想要比較臺灣四大報的報導風格差異。

研究目的：
- 比較臺灣四大報《蘋果日報》、《自由時報》、《聯合報》、《中國時報》的報導風格差異。
- 由於媒體報導風格可能會受到報紙立場及題材干擾，因此本研究選取標題一致、內文僅含其中兩報的新聞作為比較對象。
- 以常用詞彙、句長、標點、虛字等為分析對象，探討四大報報導風格的差異。

研究方法：
- 選取2012年至2018年期間每天頭版頭條新聞，比較四大報報導風格差異。
- 利用常用詞彙、句長、標點、虛字等指標進行文字分析。
- 使用Jaccard指標和Yue指標進行分群分析。
- 以能夠代表兩報的常見詞彙為解釋變數，分別使用統計及機器學習模型進行區隔分析。

研究結果：
- 比較四大報報導風格，發現標題的Jaccard指標將同時期報導放在同一群，Yue指標將四大報分成三群。
- 內文分析發現《自由時報》傾向政治新聞，《蘋果日報》傾向社會新聞。
- 使用統計及機器學習模型都能夠準確地區隔《自由時報》或《蘋果日報》。"
25,"研究動機：
媒體對同一主題的報導經常有明顯差異，本文探討報紙報導風格的差異。

研究目的：
比較臺灣四大報《蘋果日報》、《自由時報》、《聯合報》、《中國時報》的報導風格，針對常用詞彙、句長、標點、虛字等變數進行分析，探討是何種因素造成報導風格的差異，並建立模型以區隔報紙的風格。

研究方法：
選取每天頭版頭條新聞，資料期間為2012年至2018年，標題涵蓋四大報，但內文僅有《蘋果日報》、《自由時報》，分析常用詞彙、句長、標點、虛字等變數，使用Jaccard指標和Yue指標進行群聚分析，以及統計分析和機器學習模型建立。

研究結果：
四大報頭條標題及內文的用字風格不完全相同，其中標題的Jaccard指標將同時期報導放在同一群，Yue指標將四大報分成三群。內文分析發現《自由時報》傾向政治新聞，《蘋果日報》傾向社會新聞，以能夠代表兩報的常見詞彙為解釋變數，統計及機器學習模型都能準確地區隔《自由時報》或《蘋果日報》。"
26,"研究動機：

- 媒體對同一主題的報導經常有明顯差異，本文希望探討報紙報導風格的差異。

研究目的：

- 比較臺灣四大報《蘋果日報》、《自由時報》、《聯合報》、《中國時報》的報導風格。
- 探討各報的常用詞彙、句長、標點、虛字等特徵，以瞭解不同報紙的用字風格。
- 分析報紙報導新聞的傾向性。

研究方法：

- 選取每天頭版頭條新聞作為研究對象，資料期間為2012年至2018年。
- 分析報紙使用的詞彙、句長、標點、虛字等特徵，在標題及正文中應用。
- 使用Jaccard指標及Yue指標，進行報紙風格的群組分析。
- 分析常見詞彙在不同報紙內的出現頻率，建立統計及機器學習模型，區隔《自由時報》或《蘋果日報》。

研究結果：

- 四大報頭條標題及內文的用字風格不完全相同，分別使用詞彙、句長、標點、虛字等特徵進行分析，可以區分不同報紙的風格。
- 標題的Jaccard指標將同時期報導放在同一群，Yue指標將四大報分成三群。
- 內文分析發現，《自由時報》傾向政治新聞，《蘋果日報》傾向社會新聞。
- 使用機器學習模型，可以準確地區隔《自由時報》或《蘋果日報》。"
27,"研究動機：
- 媒體對同一主題的報導有明顯差異，想探索不同報紙的報導風格是否存在差異。

研究目的：
- 比較臺灣四大報《蘋果日報》、《自由時報》、《聯合報》、《中國時報》的報導風格差異。
- 了解不同報紙用字、詞彙、句式等方面的異同。
- 探討报头和正文在风格和常用字方面的异同。
- 評估統計及機器學習模型在分辨報紙風格差異上的效果。

研究方法：
- 選取每天頭版頭條新聞，資料期間為2012年至2018年，其中頭條標題涵蓋四大報，但頭條內文僅有《蘋果日報》、《自由時報》。
- 分析常用詞彙、句長、標點、虛字等關鍵指標，並使用Jaccard指標和Yue指標進行分析和比較。
- 統計及機器學習模型的應用，評估其在分辨報紙風格差異上的效果。

研究結果：
- 四大報頭條標題及內文的用字風格不完全相同，其中標題的Jaccard指標將同時期報導放在同一群，Yue指標將四大報分成三群。
- 內文分析發現《自由時報》傾向政治新聞，《蘋果日報》傾向社會新聞。
- 統計及機器學習模型能夠準確地區隔《自由時報》或《蘋果日報》。"
28,"研究動機：
- 媒體對同一主題的報導經常有明顯差異，本研究希望探討報紙報導風格的差異。

研究目的：
- 比較臺灣四大報《蘋果日報》、《自由時報》、《聯合報》、《中國時報》的報導風格。
- 探討報導標題、內文中的常用詞彙、句長、標點、虛字等差異。
- 利用統計及機器學習模型，區隔《自由時報》或《蘋果日報》。

研究方法：
- 選取每天頭版頭條新聞，資料期間為2012年至2018年。
- 比較四大報頭條標題及內文的用字風格，分析常用詞彙、句長、標點、虛字等。
- 使用Jaccard指標及Yue指標將同一期報導分組，統計及機器學習模型區隔《自由時報》或《蘋果日報》。

研究結果：
- 四大報頭條標題及內文的用字風格存在差異。
- 標題的Jaccard指標將同時期報導放在同一群，Yue指標將四大報分成三群。
- 內文分析發現《自由時報》傾向政治新聞，《蘋果日報》傾向社會新聞。
- 利用統計及機器學習模型能夠準確地區隔《自由時報》或《蘋果日報》。"
29,"研究動機：
- 媒體對同一主題的報導存在明顯差異，有必要對比各報報導風格之異同。

研究目的：
- 比較臺灣四大報《蘋果日報》、《自由時報》、《聯合報》、《中國時報》的報導風格，專注於頭版頭條新聞的分析。
- 分析常用詞彙、句長、標點、虛字等變項，並利用統計及機器學習模型區隔報紙的報導風格。

研究方法：
- 選取每天頭版頭條新聞，資料期間為2012年至2018年。
- 比較四大報頭條標題及內文的用字風格，針對常用詞彙、句長、標點、虛字等變項進行分析。
- 利用Jaccard指標及Yue指標區隔報紙的報導風格，以及統計及機器學習模型進行區隔。

研究結果：
- 四大報頭條標題及內文的用字風格存在差異，其中標題的Jaccard指標將同時期報導放在同一群，Yue指標將四大報分成三群。
- 內文分析發現《自由時報》傾向政治新聞，《蘋果日報》傾向社會新聞。
- 以能夠代表兩報的常見詞彙為解釋變數，統計及機器學習模型都能準確地區隔《自由時報》或《蘋果日報》。"
30,"研究動機：
- 媒體對同一主題的報導經常有明顯差異。

研究目的：
- 比較臺灣四大報《蘋果日報》、《自由時報》、《聯合報》、《中國時報》的報導風格。
- 探討四大報報導風格之異同。

研究方法：
- 選取每天頭版頭條新聞，資料期間為2012年至2018年，分析其常用詞彙、句長、標點、虛字等因素差異。
- 以Jaccard指標及Yue指標將報導標題分群分析。
- 以機器學習模型及常見詞彙為解釋變數分析報導內容傾向，準確區隔《自由時報》或《蘋果日報》。

研究結果：
- 四大報頭條標題及內文的用字風格不完全相同。
- 標題的Jaccard指標將同時期報導放在同一群，Yue指標將四大報分成三群。
- 內文分析發現《自由時報》傾向政治新聞，《蘋果日報》傾向社會新聞。
- 統計及機器學習模型都能準確地區隔《自由時報》或《蘋果日報》。"
31,"研究動機：
- 媒體對同一主題的報導經常有明顯差異，學者想進一步瞭解報紙報導風格的差異性。

研究目的：
- 探討臺灣四大報《蘋果日報》、《自由時報》、《聯合報》、《中國時報》的報導風格差異。
- 分析報紙報導標題、內文的常用詞彙、句長、標點和虛字使用情況。

研究方法：
- 選取每天頭版頭條新聞，資料期間為2012年至2018年。
- 分析常用詞彙、句長、標點、虛字等指標。
- 使用Jaccard指標和Yue指標進行報紙風格的分類。
- 比較《自由時報》和《蘋果日報》的常見詞彙，進行統計和機器學習模型分析。

研究結果：
- 四大報頭條標題及內文的用字風格不完全相同。
- 標題的Jaccard指標將同時期報導放在同一群，Yue指標將四大報分成三群。
- 《自由時報》傾向政治新聞，《蘋果日報》傾向社會新聞。
- 使用統計及機器學習模型能夠準確地區隔《自由時報》或《蘋果日報》。"
32,"研究動機：
- 媒體對同一主題的報導風格差異有目共睹。
- 想了解臺灣四大報的頭條報導風格差異。

研究目的：
- 研究臺灣四大報《蘋果日報》、《自由時報》、《聯合報》、《中國時報》的報導風格差異。
- 比較四大報報導風格的異同。
- 分析標題和內文的文字特徵。

研究方法：
- 每天從四大報選取頭版頭條新聞作為樣本進行分析。
- 運用常用詞彙、句長、標點、虛字等文字特徵，進行文字分析。
- 運用Jaccard指標和Yue指標進行分群分析。
- 利用統計及機器學習模型進行分類準確度測試。

研究結果：
- 四大報報導風格在標題和內文方面存在差異。
- 標題部分，Jaccard指標將同時期的報導放在同一群，Yue指標將四大報分為三群。
- 內文部分，《自由時報》偏向於政治新聞，《蘋果日報》則偏向社會新聞。
- 利用常見詞彙結合統計及機器學習模型，能夠準確地區隔出《自由時報》或《蘋果日報》。"
33,"研究動機：
- 媒體對同一主題的報導經常有明顯差異，因此有必要進行比較研究以了解其差異性。

研究目的：
- 比較臺灣四大報《蘋果日報》、《自由時報》、《聯合報》、《中國時報》的報導風格，著重在頭版頭條新聞的報導風格比較。
- 避免報紙立場及題材造成的干擾，透過分析常用詞彙、句長、標點、虛字等變數的使用情況，比較四大報的用字風格差異。
- 透過研究結果，了解四大報在報導風格上的共同點與差異點。

研究方法：
- 選取每天頭版頭條新聞，資料期間為2012年至2018年，其中頭條標題涵蓋四大報，但頭條內文僅有《蘋果日報》、《自由時報》。
- 分析常用詞彙、句長、標點、虛字等變數的使用情況，進行統計及機器學習分析。
- 使用Jaccard指標及Yue指標區分四大報的報導風格群組。

研究結果：
- 四大報頭條標題及內文的用字風格不完全相同，其中標題的Jaccard指標將同時期報導放在同一群，Yue指標將四大報分成三群。
- 內文分析發現《自由時報》傾向政治新聞，《蘋果日報》傾向社會新聞。透過常見詞彙為解釋變數，統計及機器學習模型能夠準確地區隔《自由時報》或《蘋果日報》。"
34,"研究動機：
- 媒體對同一主題的報導經常有明顯差異

研究目的：
- 比較臺灣四大報《蘋果日報》、《自由時報》、《聯合報》、《中國時報》的報導風格，以報紙報導風格為研究目標
- 分析常用詞彙、句長、標點、虛字等，以能夠代表各報風格差異的詞彙為解釋變數

研究方法：
- 選取每天頭版頭條新聞，資料期間為2012年至2018年，其中頭條標題涵蓋四大報，但頭條內文僅有《蘋果日報》、《自由時報》
- 比較四大報頭條標題及內文的用字風格，透過Jaccard指標和Yue指標將報導分群
- 分析《自由時報》和《蘋果日報》風格差異以及能代表風格的常見詞彙作為解釋變數
- 使用統計和機器學習模型進行區隔《自由時報》或《蘋果日報》

研究結果：
- 四大報頭條標題及內文的用字風格不完全相同，其中標題的Jaccard指標將同時期報導放在同一群，Yue指標將四大報分成三群
- 《自由時報》傾向政治新聞，《蘋果日報》傾向社會新聞
- 統計及機器學習模型都能準確地區隔《自由時報》或《蘋果日報》。"
35,"研究動機：
- 報紙對同一主題的報導存在明顯差異，想要探討這些報紙報導風格差異的原因與程度。

研究目的：
- 比較臺灣四大報《蘋果日報》、《自由時報》、《聯合報》、《中國時報》的報導風格。
- 分析常用詞彙、句長、標點、虛字等詞彙使用方式的差異，進而比較各報報導風格的差異。

研究方法：
- 選取每天頭版頭條新聞，資料期間為2012年至2018年。
- 以標題和內文的用字風格來分析四大報報導的差異。
- 使用Jaccard指標和Yue指標等方法來衡量報導風格的相似度。
- 使用統計分析和機器學習模型等方法來區分《自由時報》或《蘋果日報》。

研究結果：
- 四大報頭條標題及內文的用字風格存在差異，其中標題的Jaccard指標將同時期報導放在同一群，Yue指標將四大報分成三群。
- 《自由時報》傾向報導政治新聞，而《蘋果日報》則傾向報導社會新聞。
- 統計分析和機器學習模型都能準確地區隔《自由時報》或《蘋果日報》。"
36,"研究動機:
- 媒體對同一主題的報導經常有明顯差異，希望探討不同媒體的報導風格。

研究目的:
- 比較臺灣四大報《蘋果日報》、《自由時報》、《聯合報》、《中國時報》的報導風格。
- 探究四大報頭條標題及內文的用字風格是否相同，並分析差異。
- 確認能夠代表兩報的常見詞彙以區隔報導。

研究方法:
- 選取每天頭版頭條新聞，資料期間為2012年至2018年。
- 以常用詞彙、句長、標點、虛字為分析變數，比較四大報頭條標題及內文的用字風格。
- 使用Jaccard指標及Yue指標將同時期報導分群。
- 分析《自由時報》及《蘋果日報》的傾向性新聞類別，以常見詞彙為解釋變數，使用統計及機器學習模型區隔報導。

研究結果:
- 四大報頭條標題及內文的用字風格不完全相同，其中標題的Jaccard指標將同時期報導放在同一群，Yue指標將四大報分成三群。
- 《自由時報》傾向政治新聞，《蘋果日報》傾向社會新聞。
- 統計及機器學習模型都能準確地區隔《自由時報》或《蘋果日報》。"
37,"研究動機：
媒體對同一主題的報導經常有明顯差異，因此作者想要探討臺灣四大報的報導風格是否具有明顯的差異。

研究目的：
比較臺灣四大報《蘋果日報》、《自由時報》、《聯合報》、《中國時報》的報導風格，分析常用詞彙、句長、標點、虛字等因素，以討論他們的報導風格是否不同。

研究方法：
1. 選取每天頭版頭條新聞作為研究樣本。
2. 比較四大報的標題和內文用字風格的差異，分析常用詞彙、句長、標點和虛字等因素。
3. 使用統計及機器學習模型，以能夠代表兩報的常見詞彙為解釋變數，進行區隔分析。

研究結果：
1. 四大報頭條標題及內文的用字風格不完全相同，其中標題的Jaccard指標將同時期報導放在同一群，Yue指標將四大報分成三群。
2. 內文分析發現《自由時報》傾向政治新聞，《蘋果日報》傾向社會新聞。
3. 統計及機器學習模型都能準確地區隔《自由時報》或《蘋果日報》。"
38,"研究動機：

- 媒體對同一主題的報導經常有明顯差異，有必要比較不同報紙的報導風格。

研究目的：

- 比較臺灣四大報《蘋果日報》、《自由時報》、《聯合報》、《中國時報》的報導風格。
- 分析常用詞彙、句長、標點、虛字等文本特徵，區分不同報紙的報導風格。
- 比較報導標題及內文風格的相異程度。

研究方法：

- 選取每天頭版頭條新聞，資料期間為2012年至2018年，每篇文章只分析標題及內文。
- 分析常用詞彙、句長、標點、虛字等文本特徵，使用Jaccard指標及Yue指標區分不同報紙的風格。
- 使用統計及機器學習模型區分《自由時報》及《蘋果日報》的風格。

研究結果：

- 四大報頭條標題及內文的用字風格不完全相同，不同報紙可區分成不同的風格群組。
- 在標題分析中，Jaccard指標將同時期報導放在同一群，Yue指標將四大報分成三群。
- 在內文分析中，《自由時報》傾向政治新聞，《蘋果日報》傾向社會新聞，統計及機器學習 模型都能準確地區隔《自由時報》或《蘋果日報》。"
39,"研究動機：
- 媒體對同一主題的報導經常存在明顯差異，透過分析報紙報導風格可以瞭解其差異性。

研究目的：
- 比較臺灣四大報《蘋果日報》、《自由時報》、《聯合報》、《中國時報》的報導風格。
- 探討報紙報導風格的差異點。
- 分析四大報頭條標題及內文的用字風格。
- 比較統計及機器學習模型對報道研究的分類準確度。

研究方法：
- 選取每天頭版頭條新聞，資料期間為2012年至2018年。
- 分析常用詞彙、句長、標點、虛字。
- 利用Jaccard指標及Yue指標將四大報分類。
- 以能夠代表兩報的常見詞彙為解釋變數，使用統計及機器學習模型區隔《自由時報》或《蘋果日報》。

研究結果：
- 四大報頭條標題及內文的用字風格不完全相同。
- Jaccard指標將同時期報導放在同一群，Yue指標將四大報分成三群。
- 《自由時報》傾向政治新聞，《蘋果日報》傾向社會新聞。
- 統計及機器學習模型都能準確地區隔《自由時報》或《蘋果日報》。"
40,"研究動機：
- 媒體對同一主題的報導經常有明顯差異，本研究想探究不同報紙的報導風格。

研究目的：
- 比較臺灣四大報《蘋果日報》、《自由時報》、《聯合報》、《中國時報》的報導風格
- 分析常用詞彙、句長、標點、虛字等在不同報紙的使用情況
- 探索頭條標題及內文的用字風格差異
- 嘗試用常見詞彙為解釋變數，區隔不同報紙

研究方法：
- 選取資料期間為2012年至2018年，每天頭版頭條新聞
- 比較頭條標題及內文中的用字風格，分析常用詞彙、句長、標點、虛字等
- 使用Jaccard指標及Yue指標，將同時期報導或四大報分群
- 採用統計及機器學習模型，區隔《自由時報》或《蘋果日報》

研究結果：
- 四大報頭條標題及內文的用字風格不完全相同
- 頭條標題的Jaccard指標將同時期報導放在同一群，Yue指標將四大報分成三群
- 《自由時報》傾向政治新聞，《蘋果日報》傾向社會新聞
- 用常見詞彙為解釋變數，統計及機器學習模型都能準確地區隔《自由時報》或《蘋果日報》"
41,"研究動機：
- 媒體報導同一主題經常存在明顯差異
- 想要研究報紙報導風格的異同點

研究目的：
- 比較臺灣四大報《蘋果日報》、《自由時報》、《聯合報》、《中國時報》的報導風格
- 探究常用詞彙、句長、標點、虛字等報導字詞的異同
- 利用統計及機器學習模型分析報紙報導風格

研究方法：
- 選取每天頭版頭條新聞，資料期間為2012年至2018年
- 以常用詞彙、句長、標點、虛字等為分析變數
- 使用 Jaccard 指標及 Yue 指標將報導分為不同群
- 使用統計及機器學習模型區隔《自由時報》或《蘋果日報》

研究結果：
- 四大報頭條標題及內文的用字風格存在異同
- 標題的 Jaccard 指標將同時期報導放在同一群，Yue 指標將四大報分成三群
- 內文分析發現《自由時報》傾向政治新聞，《蘋果日報》傾向社會新聞
- 利用統計及機器學習模型可以準確地區隔《自由時報》或《蘋果日報》。"
42,"研究動機：
- 媒體報導同一主題的風格差異常大，想瞭解臺灣四大報之間報導風格的異同。

研究目的：
- 以報紙報導風格為研究目標，比較臺灣四大報的報導風格。
- 了解四大報頭條標題及內文的用字風格異同，並分析其可能原因。
- 探索常用詞彙、句長、標點、虛字等變數在報紙報導中的應用。

研究方法：
- 分析臺灣四大報《蘋果日報》、《自由時報》、《聯合報》、《中國時報》的報導風格。
- 選取每天頭版頭條新聞，分析其標題、內文使用的常用詞彙、句長、標點、虛字等變數。
- 使用Jaccard指標、Yue指標等方法分析報紙報導風格之間的相似度和差異。
- 統計及機器學習模型分析常見詞彙在報紙報導中的應用及其對新聞風格的影響。

研究結果：
- 四大報頭條標題及內文使用的常用詞彙、句長、標點、虛字等變數略有差異，標題的Jaccard指標將同期報導放在同一群，Yue指標將四大報分成三群。
- 《自由時報》傾向於政治新聞，而《蘋果日報》傾向社會新聞。
- 統計及機器學習模型均能夠準確地區隔《自由時報》或《蘋果日報》。"
43,"研究動機：

- 媒體對同一主題的報導經常有明顯差異，探討不同報紙報導風格的差異。

研究目的：

- 比較臺灣四大報《蘋果日報》、《自由時報》、《聯合報》、《中國時報》的報導風格。
- 分析常用詞彙、句長、標點、虛字等文字特徵在報導風格上的差異。
- 探討報紙頭版頭條新聞的報導風格是否一致，以及其內容是否存在明顯不同。

研究方法：

- 選取每天頭版頭條新聞，資料期間為2012年至2018年，其中頭條標題涵蓋四大報，但頭條內文僅有《蘋果日報》、《自由時報》。
- 分析常用詞彙、句長、標點、虛字等文字特徵的使用情況。
- 使用Jaccard指標和Yue指標將報導分群，並研究各群報導的特點。
- 使用統計和機器學習模型來區分《自由時報》和《蘋果日報》的報導風格。

研究結果：

- 四大報頭條標題及內文的用字風格不完全相同，標題的Jaccard指標將同時期報導放在同一群，Yue指標將四大報分成三群。
- 內文分析發現《自由時報》傾向政治新聞，《蘋果日報》傾向社會新聞。
- 使用常見詞彙為解釋變數，統計及機器學習模型都能準確地區隔《自由時報》或《蘋果日報》。"
44,"研究動機：

1. 媒體對同一主題的報導經常有明顯差異。
2. 報紙報導風格的差異性。

研究目的：

探討台灣四大報《蘋果日報》、《自由時報》、《聯合報》、《中國時報》的報導風格差異。

研究方法：

1. 選取每天頭版頭條新聞作為資料。
2. 分析常用詞彙、句長、標點、虛字等變數。
3. 使用Jaccard指標將同時期報導放在同一群，Yue指標將四大報分成三群，進行資料分析。
4. 統計及機器學習模型進行分析。

研究結果：

1. 四大報頭條標題及內文的用字風格不完全相同。
2. 標題的Jaccard指標將同時期報導放在同一群，Yue指標將四大報分成三群。
3. 內文分析發現《自由時報》傾向政治新聞，《蘋果日報》傾向社會新聞。
4. 統計及機器學習模型能夠準確地區隔《自由時報》或《蘋果日報》。"
45,"研究動機：
- 媒體對同一主題報導差異明顯，想探討報導風格在不同報紙間是否有明顯差異。

研究目的：
- 比較臺灣四大報《蘋果日報》、《自由時報》、《聯合報》、《中國時報》的報導風格。
- 探討四大報頭條標題和內文用字風格的不同。

研究方法：
- 每天選取四大報頭版頭條新聞作為資料，期間為2012年至2018年。
- 分析常用詞彙、句長、標點、虛字等因素，進行文本分析。
- 使用Jaccard指標和Yue指標進行聚類分析，探討四大報在報導風格上的異同。
- 以常見詞彙為解釋變數，使用統計及機器學習模型進行分類，區隔《自由時報》或《蘋果日報》。

研究結果：
- 四大報頭條標題及內文的用字風格不完全相同。
- 標題用字風格使用Jaccard指標將同時期報導放在同一群，Yue指標將四大報分成三群。
- 內文分析發現，《自由時報》偏向政治新聞，《蘋果日報》偏向社會新聞。
- 使用統計及機器學習模型能準確地區隔《自由時報》或《蘋果日報》。"
46,"研究動機：
媒體對同一主題的報導經常有明顯差異，因此本研究希望比較臺灣四大報對同一主題的報導風格，以瞭解它們之間的差異。

研究目的：
比較《蘋果日報》、《自由時報》、《聯合報》、《中國時報》之間的報導風格差異，並分析其常用詞彙、句長、標點、虛字等變數，以準確區隔報紙風格。

研究方法：
選取2012年至2018年期間四大報每日的頭版頭條新聞，分析其報導風格，包括常用詞彙、句長、標點、虛字等，使用Jaccard指標和Yue指標分析其標題風格，並使用統計和機器學習模型區隔《自由時報》和《蘋果日報》。

研究結果：
四大報頭條標題及內文的用字風格不完全相同，標題的Jaccard指標將同時期報導放在同一群，Yue指標將四大報分成三群；內文分析發現《自由時報》傾向政治新聞，《蘋果日報》傾向社會新聞，統計及機器學習模型都能準確地區隔《自由時報》或《蘋果日報》。"
47,"研究動機：
媒體對同一主題報導風格差異大，無法得知哪一報導更為客觀，因此有必要進行分析以探究這些差異。

研究目的：
比較臺灣四大報《蘋果日報》、《自由時報》、《聯合報》、《中國時報》的報導風格差異，以了解不同報紙之間報導風格的差異及其原因。

研究方法：
選取每天頭版頭條新聞作為研究對象，對標題和內文進行文字分析，並比較四大報之間的常用詞彙、句長、標點和虛字。

研究結果：
研究發現四大報標題的用字風格不完全相同，其中Jaccard指標將同時期報導放在同一群，Yue指標將四大報分成三群；內文分析發現《自由時報》傾向政治新聞，《蘋果日報》傾向社會新聞；以能夠代表兩報的常見詞彙為解釋變數，統計及機器學習模型都能準確地區隔《自由時報》或《蘋果日報》。"
48,"研究動機：
- 媒體對同一主題的報導經常有明顯差異，對此現象進行深入研究。

研究目的：
- 比較臺灣四大報《蘋果日報》、《自由時報》、《聯合報》、《中國時報》的報導風格。
- 排除報紙立場及題材造成的干擾，以每天的頭版頭條新聞為研究對象，並從常用詞彙、句長、標點和虛字等方面進行分析。
- 進一步探究風格差異對報導內容選擇的影響。

研究方法：
- 選取頭條標題涵蓋四大報、頭條內文僅有《蘋果日報》、《自由時報》的新聞作為資料。
- 統計每家報紙標題中出現的常用詞彙、句長、標點和虛字等數據。
- 利用Jaccard指標和Yue指標，進行標題風格差異的分析和聚類。
- 建立統計及機器學習模型，以常見詞彙為解釋變數，區隔《自由時報》或《蘋果日報》。

研究結果：
- 四大報頭條標題及內文用字風格不完全相同，其中標題的Jaccard指標將同時期報導放在同一群，Yue指標將四大報分成三群。
- 《自由時報》傾向政治新聞，而《蘋果日報》則傾向社會新聞。
- 統計及機器學習模型都能準確地區隔《自由時報》或《蘋果日報》。"
49,"研究動機：
- 媒體報導同一主題時差異明顯，欲探討報紙報導風格的差異與相似性。

研究目的：
- 比較臺灣四大報《蘋果日報》、《自由時報》、《聯合報》、《中國時報》之報導風格差異。
- 藉由詞彙、句子預測能區分出每份報紙的風格。

研究方法：
- 選擇每天頭版頭條新聞作為研究樣本，時間為2012-2018年。
- 比較四大報標題之用詞風格，分析Jaccard指標與Yue指標差異。
- 分別將《自由時報》及《蘋果日報》的內文進行分析，比較其在詞彙、句子長度、標點及虛詞上之相似性與差異。
- 建立統計及機器學習模型，並以常用詞彙做為解釋變數，試圖區分《自由時報》和《蘋果日報》的風格。

研究結果：
- 四大報頭條標題及內文的用詞風格存在差異性，標題的Jaccard指標將同時期報導放在同一群，Yue指標將四大報分成三群。
- 《自由時報》偏向政治新聞報導，而《蘋果日報》偏向社會新聞報導。
- 統計及機器學習模型皆能以常用詞彙區分《自由時報》或《蘋果日報》的風格。"
50,"研究動機：
- 媒體對同一主題報導經常有明顯差異，想進一步研究報紙報導風格的差異。

研究目的：
- 比較臺灣四大報《蘋果日報》、《自由時報》、《聯合報》、《中國時報》的報導風格。
- 分析常用詞彙、句長、標點、虛字等特徵，進一步探討報導風格差異。
- 以能夠代表兩報的常見詞彙為解釋變數，使用統計及機器學習模型區分《自由時報》或《蘋果日報》。

研究方法：
- 選取每天頭版頭條新聞，資料期間為2012年至2018年。
- 比較四大報頭條標題及內文的用字風格。
- 分析常用詞彙、句長、標點、虛字等特徵。
- 使用Jaccard指標及Yue指標進行分群。
- 使用統計及機器學習模型區分《自由時報》或《蘋果日報》。

研究結果：
- 四大報頭條標題及內文的用字風格不完全相同。
- 使用Jaccard指標將同時期報導放在同一群，Yue指標將四大報分成三群。
- 《自由時報》傾向政治新聞，《蘋果日報》傾向社會新聞。
- 統計及機器學習模型都能準確地區隔《自由時報》或《蘋果日報》。"
51,"研究動機：
- 媒體對同一主題的報導經常有明顯差異。

研究目的：
- 比較臺灣四大報的報導風格。
- 了解四大報在標題及內文上的用字風格是否相同。
- 探討四大報在報導不同類型的新聞時是否有不同的偏好。

研究方法：
- 選取每天頭版頭條新聞，資料期間為2012年至2018年，其中頭條標題涵蓋四大報，但頭條內文僅有《蘋果日報》、《自由時報》。
- 分析常用詞彙、句長、標點、虛字等語言特徵。
- 使用Jaccard指標和Yue指標分析標題分群。
- 使用統計及機器學習模型進行分析。

研究結果：
- 四大報頭條標題及內文的用字風格存在不同。
- 標題的Jaccard指標將同時期報導放在同一群，Yue指標將四大報分成三群。
- 《自由時報》傾向政治新聞，《蘋果日報》傾向社會新聞。
- 使用常見詞彙為解釋變數的統計及機器學習模型都能準確地區隔《自由時報》或《蘋果日報》。"
52,"研究動機：
- 媒體對同一主題的報導經常存在明顯差異，為瞭解不同報紙的報導風格，本研究以四大報為例進行分析。

研究目的：
- 探討臺灣四大報的報導風格差異。
- 比較每家報紙的常用詞彙、句長、標點、虛字等，以了解其用字風格的不同。
- 以Jaccard指標及Yue指標進行分類，區分不同報紙對同一主題的報導風格。
- 分析內文的用字風格，瞭解不同報紙偏好報導的主題領域。

研究方法：
- 選取每日頭版頭條新聞，將頭條標題涵蓋四大報，但內文僅分析《蘋果日報》、《自由時報》。
- 分析常用詞彙、句長、標點、虛字等多個變數，以比較不同報紙的用字風格。
- 使用統計及機器學習模型進行分析，區分不同報紙的報導風格。

研究結果：
- 發現四大報的頭條標題及內文用字風格有明顯不同。
- Jaccard指標將同時期報導放在同一群，Yue指標將四大報分成三群。
- 《自由時報》傾向政治新聞，而《蘋果日報》傾向社會新聞。
- 使用統計及機器學習模型能夠準確地區隔《自由時報》或《蘋果日報》。"
53,"研究動機：
- 認為媒體對同一主題的報導經常有明顯差異，欲探討報紙報導風格的異同。

研究目的：
- 比較臺灣四大報《蘋果日報》、《自由時報》、《聯合報》、《中國時報》的報導風格。
- 分析四大報頭條標題及內文中的常用詞彙、句長、標點、虛字的使用情況，比較不同報紙之間的異同。
- 將四大報分成不同的群，探討是否存在不同的報導風格。
- 確定《自由時報》與《蘋果日報》的報導風格，探索用詞的特色。

研究方法：
- 選取每日頭版頭條新聞作為研究對象，資料期間為2012年至2018年。
- 分析常用詞彙、句長、標點、虛字等語言特徵，用Jaccard指標和Yue指標進行分類。
- 探討《自由時報》與《蘋果日報》報導風格的差異，以常見詞彙為解釋變數，使用統計和機器學習模型進行區隔。

研究結果：
- 四大報頭條標題的用字風格不完全相同，Jaccard指標將同時期報導放在同一群，Yue指標將四大報分成三群。
- 《自由時報》的報導偏向政治新聞，而《蘋果日報》偏向社會新聞。
- 統計及機器學習模型都能準確地區隔《自由時報》或《蘋果日報》，探索了兩報報導風格的用詞特色。"
54,"研究動機：
- 媒體對同一主題的報導經常有明顯差異，想探討臺灣四大報報導風格之異同，進一步瞭解報紙對新聞的報導風格差異。

研究目的：
- 比較臺灣四大報《蘋果日報》、《自由時報》、《聯合報》、《中國時報》的報導風格。
- 著重比較頭版頭條新聞的報導風格。
- 以常用詞彙、句長、標點、虛字等分析方式比較不同報紙報導風格之異同。
- 分析能夠代表兩報的常見詞彙為解釋變數，統計及機器學習模型都能準確地區隔《自由時報》或《蘋果日報》。

研究方法：
- 選取每天頭版頭條新聞，資料期間為2012年至2018年，頭條標題涵蓋四大報，但頭條內文僅有《蘋果日報》、《自由時報》。
- 分析常用詞彙、句長、標點、虛字，比較四大報頭條標題及內文的用字風格。
- 兩個指標Jaccard指標及Yue指標，分別將同期報導放在同一群及將四大報分成三群。
- 比較能夠代表兩報的常見詞彙為解釋變數的統計及機器學習 模型。

研究結果：
- 四大報頭條標題及內文的用字風格不完全相同，其中標題的Jaccard指標將同時期報導放在同一群，Yue指標將四大報分成三群。
- 《自由時報》傾向政治新聞，《蘋果日報》傾向社會新聞。
- 能夠代表兩報的常見詞彙為解釋變數，統計及機器學習模型都能準確地區隔《自由時報》或《蘋果日報》。"
55,"研究動機：
媒體對同一主題的報導風格有明顯差異，因此需要比較不同報紙的報導風格，並探討其可能的原因。

研究目的：
比較臺灣四大報的報導風格，並分析其常用詞彙、句長、標點、虛字差異，探討其可能的原因。

研究方法：
1. 選取每天頭版頭條新聞，資料期間為2012年至2018年。
2. 分析每家報紙的報導風格，包括常用詞彙、句長、標點、虛字等。
3. Jaccard指標和Yue指標用於將報紙分群，探討不同報紙之間的差異。
4. 統計及機器學習模型用於區隔《自由時報》或《蘋果日報》。

研究結果：
1. 四大報頭條標題及內文的用字風格不完全相同，其中標題的Jaccard指標將同時期報導放在同一群，Yue指標將四大報分成三群。
2. 內文分析發現《自由時報》傾向政治新聞，《蘋果日報》傾向社會新聞。
3. 統計及機器學習模型能準確地區隔《自由時報》或《蘋果日報》。"
56,"研究動機：
媒體對同一主題的報導經常有明顯差異，而報紙是相對容易進行量化分析的媒體形式，因此研究者欲探討不同報紙的報導風格。

研究目的：
比較臺灣四大報《蘋果日報》、《自由時報》、《聯合報》、《中國時報》的報導風格，以頭版頭條新聞作為分析對象，從常用詞彙、句長、標點、虛字等方面進行分析。

研究方法：
針對每天頭版頭條新聞，比較四大報的報導風格，其中頭條標題涵蓋四大報，但頭條內文僅有《蘋果日報》、《自由時報》。本文分析常用詞彙、句長、標點、虛字，使用Jaccard指標和Yue指標進行群聚分析。

研究結果：
四大報頭條標題及內文的用字風格不完全相同，其中標題的Jaccard指標將同時期報導放在同一群，Yue指標將四大報分成三群;內文分析發現《自由時報》傾向政治新聞，《蘋果日報》傾向社會新聞，以能夠代表兩報的常見詞彙為解釋變數，統計及機器學習模型都能準確地區隔《自由時報》或《蘋果日報》。"
57,"研究動機：
- 媒體對同一主題的報導經常有明顯差異，想進一步比較報紙報導風格。

研究目的：
- 比較臺灣四大報《蘋果日報》、《自由時報》、《聯合報》、《中國時報》的報導風格。
- 分析常用詞彙、句長、標點、虛字等，以了解四大報頭條標題及內文的用字風格是否相同。
- 解釋變數，統計及機器學習模型都能區隔《自由時報》或《蘋果日報》。

研究方法：
- 以報紙頭版頭條新聞為研究對象，資料期間為2012年至2018年。
- 選取每天頭條標題涵蓋四大報，但頭條內文僅有《蘋果日報》、《自由時報》。
- 使用Jaccard指標和Yue指標進行文本分析，比較四大報頭條標題的用字風格是否相同。 
- 以能夠代表兩報的常見詞彙為解釋變數，統計及機器學習模型進行分析， 準確地區隔《自由時報》或《蘋果日報》。

研究結果：
- 四大報頭條標題及內文的用字風格不完全相同，其中標題的Jaccard指標將同時期報導放在同一群，Yue指標將四大報分成三群。
- 《自由時報》傾向政治新聞，《蘋果日報》傾向社會新聞，使用統計及機器學習 模型都能準確地區隔《自由時報》或《蘋果日報》。"
58,"研究動機：
- 媒體對同一主題報導風格的差異引起注意

研究目的：
- 比較臺灣四大報《蘋果日報》、《自由時報》、《聯合報》、《中國時報》的報導風格
- 找出四大報頭條標題及內文用字風格的異同
- 探討四大報在頭條標題及內文中，傾向報導何種類型的新聞
- 分析報導風格異同的可能原因

研究方法：
- 選取每天頭版頭條新聞，分析標題及內文用字風格
- 使用常用詞彙、句長、標點、虛字作為解釋變數，進行統計及機器學習模型的分析
- 以Jaccard指標及Yue指標將報導放在同一群或分成三群

研究結果：
- 四大報頭條標題及內文用字風格有異同，其中標題的Jaccard指標將同時期報導放在同一群，Yue指標將四大報分成三群。
- 《自由時報》傾向政治新聞，而《蘋果日報》傾向社會新聞。
- 統計及機器學習模型都能準確地區隔《自由時報》或《蘋果日報》。"
59,"研究動機：
- 媒體對同一主題的報導經常有明顯差異。

研究目的：
- 比較臺灣四大報《蘋果日報》、《自由時報》、《聯合報》、《中國時報》的報導風格。
- 分析常用詞彙、句長、標點、虛字在四大報頭條標題及內文的用字風格上的差異。
- 區隔《自由時報》或《蘋果日報》的報導風格。

研究方法：
- 選取每天頭版頭條新聞，資料期間為2012年至2018年。
- 以頭條標題及內文分析海量文本，比較四大報的用字風格。
- 針對常見詞彙為解釋變數，進行統計分析及機器學習模型的區隔。

研究結果：
- 四大報頭條標題及內文的用字風格不完全相同，其中標題的Jaccard指標將同時期報導放在同一群，Yue指標將四大報分成三群。
- 《自由時報》傾向政治新聞，《蘋果日報》傾向社會新聞。
- 統計及機器學習模型都能準確地區隔《自由時報》或《蘋果日報》。"
60,"研究動機：
- 媒體對同一主題的報導經常有明顯差異，需要進一步探討報紙報導風格的差異，以便讀者了解報導傾向及立場。

研究目的：
- 比較臺灣四大報《蘋果日報》、《自由時報》、《聯合報》、《中國時報》的報導風格。
- 分析報紙報導風格的常用詞彙、句長、標點、虛字等差異。

研究方法：
- 選取每天頭版頭條新聞，資料期間為2012年至2018年。
- 分析常用詞彙、句長、標點、虛字等指標，比較四大報頭條標題及內文的用字風格。
- 使用Jaccard指標將同時期報導放在同一群，Yue指標將四大報分成三群。

研究結果：
- 四大報頭條標題及內文的用字風格不完全相同。
- Jaccard指標將同時期報導放在同一群，Yue指標將四大報分成三群。
- 《自由時報》傾向政治新聞，《蘋果日報》傾向社會新聞。
- 以能夠代表兩報的常見詞彙為解釋變數，統計及機器學習 模型都能準確地區隔《自由時報》或《蘋果日報》。"
61,"研究動機：
- 媒體對同一主題的報導經常有明顯差異，本文希望探討臺灣四大報的報導風格，以瞭解報紙的立場及風格對報導有何影響。

研究目的：
- 比較臺灣四大報《蘋果日報》、《自由時報》、《聯合報》、《中國時報》的報導風格。
- 避免報紙立場及題材造成的干擾，選取每天頭版頭條新聞，資料期間為2012年至2018年，其中頭條標題涵蓋四大報，但頭條內文僅有《蘋果日報》、《自由時報》。
- 分析常用詞彙、句長、標點、虛字等，以瞭解四大報頭條標題及內文的用字風格是否相同。
- 探討不同報紙的報導風格是否有助於區分其政治傾向。

研究方法：
- 資料收集：選取每天頭版頭條新聞，資料期間為2012年至2018年，其中頭條標題涵蓋四大報，但頭條內文僅有《蘋果日報》、《自由時報》。
- 資料分析：分析常用詞彙、句長、標點、虛字等，以瞭解四大報頭條標題及內文的用字風格是否相同。運用Jaccard指標和Yue指標區分報紙的風格差異，以及常見詞彙作為解釋變數，統計及機器學習模型區分不同報紙的政治傾向。

研究結果：
- 四大報頭條標題及內文的用字風格不完全相同，其中標題的Jaccard指標將同時期報導放在同一群，Yue指標將四大報分成三群。
- 內文分析發現《自由時報》傾向報導政治新聞，《蘋果日報》傾向報導社會新聞。
- 統計及機器學習模型能夠準確地區隔《自由時報》或《蘋果日報》的風格和政治傾向。"
62,"研究動機
- 媒體對同一主題的報導經常有明顯差異，因此想探究報紙報導風格的差異。

研究目的
- 比較臺灣四大報《蘋果日報》、《自由時報》、《聯合報》、《中國時報》的報導風格。
- 分析常用詞彙、句長、標點、虛字等細節，以此來區分四大報的風格。
- 研究方法包括Jaccard指標、Yue指標、統計及機器學習模型。

研究方法
- 選取每天頭版頭條新聞，資料期間為2012年至2018年。
- 分析常用詞彙、句長、標點、虛字等細節。
- 使用Jaccard指標、Yue指標、統計及機器學習模型來分析報導風格的差異。

研究結果
- 四大報頭條標題及內文的用字風格不完全相同。
- 標題的Jaccard指標將同時期報導放在同一群，Yue指標將四大報分成三群。
- 內文分析發現《自由時報》傾向政治新聞，《蘋果日報》傾向社會新聞。
- 以能夠代表兩報的常見詞彙為解釋變數，統計及機器學習模型都能準確地區隔《自由時報》或《蘋果日報》。"
63,"研究動機：媒體對同一主題的報導經常有明顯差異，希望探討臺灣四大報的報導風格是否有顯著差異。

研究目的：研究四大報的報導風格差異，包括常用詞彙、句長、標點、虛字等項目，並以統計及機器學習模型區隔報紙風格。

研究方法：選取每天頭版頭條新聞作為資料，資料期間為2012年至2018年，分析常用詞彙、句長、標點、虛字等項目，並以統計及機器學習模型進行分析。

研究結果：四大報頭條標題及內文的用字風格不完全相同，其中標題的Jaccard指標將同時期報導放在同一群，Yue指標將四大報分成三群；內文分析發現《自由時報》傾向政治新聞，《蘋果日報》傾向社會新聞，以能夠代表兩報的常見詞彙為解釋變數，統計及機器學習模型都能準確地區隔《自由時報》或《蘋果日報》。"
64,"研究動機：
- 媒體對同一主題報導的風格有明顯差異，因此本文希望比較臺灣四大報的報導風格。

研究目的：
- 比較臺灣四大報《蘋果日報》、《自由時報》、《聯合報》、《中國時報》的報導風格。
- 分析常用詞彙、句長、標點、虛字等特徵，探討不同報紙的用字風格是否相同。
- 將標題與內文的報導風格都納入比較，藉此瞭解報紙用字特徵與報導類型的關係。

研究方法：
- 選取每天頭版頭條新聞，資料期間為2012年至2018年。
- 分析四大報頭條標題及內文的用字風格，包括常用詞彙、句長、標點、虛字等。
- 使用Jaccard指標與Yue指標進行分群分析，探討報導風格的相似與差異。
- 以統計及機器學習模型區隔《自由時報》或《蘋果日報》，以常見詞彙為解釋變數進行分析。

研究結果：
- 四大報頭條標題及內文的用字風格有所不同，以Jaccard指標將同時期報導放在同一群，Yue指標將四大報分成三群。
- 《自由時報》傾向政治新聞，《蘋果日報》傾向社會新聞。
- 統計及機器學習模型能夠準確地區隔《自由時報》或《蘋果日報》，以常見詞彙為解釋變數進行分析。"
65,"研究動機：
媒體對同一主題的報導經常有明顯差異，因此本研究想要比較臺灣四大報在報導風格上的差異。

研究目的：
比較臺灣四大報《蘋果日報》、《自由時報》、《聯合報》、《中國時報》在報導風格上的差異，並了解每報報導的偏好，區隔報紙的立場。

研究方法：
1.選取每天頭版頭條新聞作為分析對象，資料期間為2012年至2018年。
2.分析常用詞彙、句長、標點、虛字等詞彙使用情況，以及報導偏好，進行文本分析。
3.使用Jaccard指標和Yue指標進行比較分析，區分四大報在報導風格上的不同。

研究結果：
1.四大報頭條標題及內文的用字風格不完全相同。
2.使用Jaccard指標將同時期報導放在同一群，Yue指標將四大報分成三群。
3.《自由時報》偏向政治新聞，《蘋果日報》偏向社會新聞。
4.以能夠代表兩報的常見詞彙為解釋變數，統計及機器學習模型都能準確地區隔《自由時報》或《蘋果日報》。"
66,"研究動機：
- 媒體對同一主題的報導經常有明顯差異，探討報紙報導風格。
- 比較臺灣四大報《蘋果日報》、《自由時報》、《聯合報》、《中國時報》的報導風格。

研究目的：
- 比較四大報頭條標題及內文的用字風格。
- 探討四大報報導風格的異同。

研究方法：
- 選取每天頭版頭條新聞，資料期間為2012年至2018年。
- 使用Jaccard指標將同時期報導放在同一群，Yue指標將四大報分成三群。
- 分析常用詞彙、句長、標點、虛字等，將《自由時報》或《蘋果日報》區隔出來。
- 統計及機器學習模型進行分析。

研究結果：
- 四大報頭條標題及內文的用字風格不完全相同。
- 《自由時報》傾向政治新聞，而《蘋果日報》傾向社會新聞。
- 統計及機器學習模型能夠準確地區隔《自由時報》或《蘋果日報》。"
67,"研究動機：
- 媒體對同一主題的報導經常有明顯差異。
- 想要研究臺灣四大報的報導風格差異，探討它們在用字上的差異，避免報紙立場及題材造成的干擾。

研究目的：
- 比較臺灣四大報《蘋果日報》、《自由時報》、《聯合報》、《中國時報》的報導風格。
- 分析常用詞彙、句長、標點、虛字等詞彙特徵，找出四大報的用字風格差異。
- 藉由統計及機器學習模型進一步區隔《自由時報》或《蘋果日報》。

研究方法：
- 選取每天頭版頭條新聞，資料期間為2012年至2018年，其中頭條標題涵蓋四大報，但頭條內文僅有《蘋果日報》、《自由時報》。
- 分析常用詞彙、句長、標點、虛字等詞彙特徵，找出四大報的用字風格差異。
- 使用Jaccard指標和Yue指標將同時期報導分類，分析結果可以區分開四大報的報導風格。
- 以能夠代表兩報的常見詞彙為解釋變數，使用統計及機器學習模型區隔《自由時報》或《蘋果日報》。

研究結果：
- 發現四大報頭條標題及內文的用字風格不完全相同，其中標題的Jaccard指標將同時期報導放在同一群，Yue指標將四大報分成三群。
- 內文分析發現《自由時報》傾向政治新聞，《蘋果日報》傾向社會新聞。
- 統計及機器學習模型都能準確地區隔《自由時報》或《蘋果日報》。"
68,"研究動機：
- 媒體對同一主題的報導經常有明顯差異，研究其報導風格可瞭解媒體間的差異與特色。

研究目的：
- 比較臺灣四大報《蘋果日報》、《自由時報》、《聯合報》、《中國時報》的報導風格。
- 瞭解四大報頭條標題及內文的用字風格是否相同。
- 探討不同報紙的報導風格是否會受報紙立場及題材影響。

研究方法：
- 選取每天頭版頭條新聞作為研究對象，資料期間為2012年至2018年。
- 以常用詞彙、句長、標點、虛字等指標分析四大報的報導風格。
- 用Jaccard指標及Yue指標將四大報分群，並以常見詞彙為解釋變數進行統計及機器學習模型分析。

研究結果：
- 四大報頭條標題及內文的用字風格不完全相同，Jaccard指標將同時期報導放在同一群，Yue指標將四大報分成三群。
- 《自由時報》傾向政治新聞，而《蘋果日報》傾向社會新聞。
- 統計及機器學習模型能夠準確地區隔《自由時報》或《蘋果日報》。"
69,"研究動機：
- 媒體對同一主題的報導經常有明顯差異，研究四大報報導風格，揭示其異同之處。

研究目的：
- 比較臺灣四大報《蘋果日報》、《自由時報》、《聯合報》、《中國時報》報導風格的異同。
- 避免報紙立場及題材造成的干擾，本文選取每天頭版頭條新聞，資料期間為2012年至2018年，其中頭條標題涵蓋四大報，但頭條內文僅有《蘋果日報》、《自由時報》。
- 分析常用詞彙、句長、標點、虛字，探討四大報頭條標題及內文的用字風格異同。
- 以能夠代表兩報的常見詞彙為解釋變數，建立統計及機器學習模型，區隔《自由時報》或《蘋果日報》。

研究方法：
- 文字分析，分析四大報頭條標題及內文的常用詞彙、句長、標點、虛字。
- 使用Jaccard指標及Yue指標，分析四大報頭條標題的差異程度。
- 建立統計及機器學習模型，以能夠代表兩報的常見詞彙為解釋變數，區隔《自由時報》或《蘋果日報》。

研究結果：
- 四大報頭條標題及內文的用字風格不完全相同，其中標題的Jaccard指標將同時期報導放在同一群，Yue指標將四大報分成三群。
- 內文分析發現《自由時報》傾向政治新聞，《蘋果日報》傾向社會新聞。
- 統計及機器學習模型都能準確地區隔《自由時報》或《蘋果日報》。"
70,"研究動機：
- 媒體對同一主題的報導經常有明顯差異，本研究希望比較四大報對同一主題的報導風格。

研究目的：
- 比較臺灣四大報《蘋果日報》、《自由時報》、《聯合報》、《中國時報》的報導風格。
- 針對報紙報導風格比較研究，分析各報章標題常用詞彙、句長、標點、虛字等變數，以及透過統計及機器學習模型準確區隔報紙風格。
- 避免報紙立場及題材造成的干擾，本研究選取每天頭版頭條新聞，資料期間為2012年至2018年。

研究方法：
- 文字分析，用於分析常用詞彙、句長、標點、虛字等變數，並將四大報進行風格比較。
- 使用Jaccard指標以及Yue指標將同時期報導放在同一群，或將四大報分成三群。
- 統計及機器學習模型，用於區隔《自由時報》或《蘋果日報》。

研究結果：
- 四大報頭條標題及內文的用字風格不完全相同，其中標題的Jaccard指標將同時期報導放在同一群，Yue指標將四大報分成三群。
- 內文分析發現《自由時報》傾向政治新聞，《蘋果日報》傾向社會新聞。
- 透過統計及機器學習模型都能準確地區隔《自由時報》或《蘋果日報》的風格。"
71,"研究動機：
- 媒體對同一主題的報導經常有明顯差異

研究目的：
- 比較臺灣四大報《蘋果日報》、《自由時報》、《聯合報》、《中國時報》的報導風格
- 分析常用詞彙、句長、標點、虛字等文本特徵
- 探討報紙標題和內文在用字風格上的差異及共同點

研究方法：
- 選取每天頭版頭條新聞，資料期間為2012年至2018年
- 分析常用詞彙、句長、標點、虛字等文本特徵
- 使用Jaccard指標和Yue指標進行文本聚類分析

研究結果：
- 四大報頭條標題及內文的用字風格不完全相同
- Jaccard指標將同時期報導放在同一群，Yue指標將四大報分成三群
- 《自由時報》傾向政治新聞，《蘋果日報》傾向社會新聞
- 以能夠代表兩報的常見詞彙為解釋變數，統計及機器學習模型都能準確地區隔《自由時報》或《蘋果日報》"
72,"研究動機：
- 媒體對同一主題的報導常有明顯差異，研究不同報章對同一主題的報導風格差異。

研究目的：
- 比較臺灣四大報《蘋果日報》、《自由時報》、《聯合報》、《中國時報》的報導風格。
- 分析常用詞彙、句長、標點、虛字等特徵來比較不同報章的報導風格。
- 瞭解報紙頭條的風格特徵及其對整份報紙風格的影響。
- 建立統計及機器學習模型來準確區分不同報章的風格。

研究方法：
- 選取每天頭版頭條新聞，資料期間為2012年至2018年。
- 比較四大報的報導風格，避免報紙立場及題材的干擾。
- 分析常用詞彙、句長、標點、虛字等特徵，使用Jaccard指標及Yue指標來比較不同報章的報導風格差異。
- 建立統計及機器學習模型來區分不同報章的風格差異，以常見詞彙作為解釋變數。

研究結果：
- 四大報的頭條標題及內文的用字風格不完全相同。
- 使用Jaccard指標將同時期報導放在同一群，Yue指標將四大報分成三群。
- 《自由時報》傾向政治新聞，而《蘋果日報》則傾向社會新聞。
- 統計及機器學習模型都能準確地區隔《自由時報》或《蘋果日報》。"
73,"研究動機:
- 媒體對同一主題的報導經常有明顯差異，想探討各報紙的報導風格差異

研究目的:
- 比較臺灣四大報《蘋果日報》、《自由時報》、《聯合報》、《中國時報》的報導風格，並分析其用字風格差異
- 探討各報紙的常用詞彙、句長、標點、虛字等方面的差異
- 分析不同報紙在新聞類型偏好方面的分布情況，並找出能夠代表報紙特色的常見詞彙

研究方法:
- 選取每天頭版頭條新聞作為研究對象，資料期間為2012年至2018年
- 分析常用詞彙、句長、標點、虛字等方面的差異
- 使用Jaccard指標和Yue指標將四大報分群，並進行機器學習分析

研究結果:
- 四大報頭條標題及內文的用字風格不完全相同，其中標題的Jaccard指標將同時期報導放在同一群，Yue指標將四大報分成三群
- 內文分析發現《自由時報》傾向政治新聞，《蘋果日報》傾向社會新聞
- 以能夠代表兩報的常見詞彙為解釋變數，統計及機器學習模型都能準確地區隔《自由時報》或《蘋果日報》"
74,"研究動機：
- 媒體對同一主題的報導經常有明顯差異，而報紙報導風格是一個值得深入研究的課題。
- 本研究希望透過比較臺灣四大報的報導風格，了解各報之間的差異與異同，並探討可能的原因。

研究目的：
- 比較臺灣四大報《蘋果日報》、《自由時報》、《聯合報》、《中國時報》的報導風格。
- 了解四大報頭條標題及內文的用字風格在常用詞彙、句長、標點、虛字等方面的差異。
- 探討可能的影響因素，例如各報立場、題材等。

研究方法：
- 選取每天頭版頭條新聞作為研究對象，資料期間為2012年至2018年。
- 避免報紙立場及題材造成的干擾，頭條標題涵蓋四大報，但頭條內文僅有《蘋果日報》、《自由時報》。
- 分析常用詞彙、句長、標點、虛字等指標，使用Jaccard指標及Yue指標進行分群，並以能夠代表兩報的常見詞彙為解釋變數，使用統計及機器學習模型進行分析。

研究結果：
- 四大報頭條標題及內文的用字風格存在相當大的差異。
- 頭條標題的Jaccard指標將同時期報導放在同一群，Yue指標將四大報分成三群。
- 內文分析發現《自由時報》傾向政治新聞，《蘋果日報》傾向社會新聞。
- 統計及機器學習模型都能準確地區隔《自由時報》或《蘋果日報》。"
75,"研究動機：
- 媒體對同一主題報導有明顯差異，想探究不同媒體的報導風格。

研究目的：
- 比較臺灣四大報（《蘋果日報》、《自由時報》、《聯合報》、《中國時報》）的報導風格。
- 探討四大報在報導風格上的異同。

研究方法：
- 選取每天頭版頭條新聞，資料期間為2012年至2018年。
- 分析常用詞彙、句長、標點、虛字等變數。
- 使用 Jaccard 及 Yue 指標將不同報紙分群。
- 採用統計及機器學習模型檢測報紙間的差異。

研究結果：
- 四大報的頭條標題以及內文的用字風格不完全相同。
- 使用 Jaccard 指標，可將同時期報導放在同一群，使用 Yue 指標，可將四大報分成三群。
- 《自由時報》傾向政治新聞，《蘋果日報》傾向社會新聞。
- 統計及機器學習模型能夠準確地區隔《自由時報》或《蘋果日報》。"
76,"研究動機：
- 媒體對同一主題的報導經常有明顯差異，因此本研究欲探討臺灣四大報在報導風格上的差異。

研究目的：
- 比較臺灣四大報《蘋果日報》、《自由時報》、《聯合報》、《中國時報》的報導風格。
- 探討四大報在標題及內文上用字風格的相似性及差異性。
- 分析各報頭條新聞的常用詞彙、句長、標點、虛字，以區分每份報紙的報導風格。
- 區分各報對於政治與社會新聞的報導傾向。

研究方法：
- 選取每天頭版頭條新聞，資料期間為2012年至2018年，其中頭條標題涵蓋四大報，但頭條內文僅有《蘋果日報》、《自由時報》。
- 分析常用詞彙、句長、標點、虛字等特徵，運用Jaccard指標及Yue指標進行相似性及差異性的比較。
- 以能夠代表各報的常見詞彙為解釋變數，進行統計及機器學習 模型的區分。

研究結果：
- 四大報頭條標題及內文的用字風格不完全相同，其中頭條標題的Jaccard指標將同時期報導放在同一群，Yue指標將四大報分成三群。
- 在頭條內文的分析中，發現《自由時報》傾向政治新聞，《蘋果日報》傾向社會新聞。
- 以常見詞彙為解釋變數進行的統計及機器學習 模型結果，都能夠準確地區隔出《自由時報》或《蘋果日報》。"
77,"研究動機：
- 媒體對同一主題的報導經常有明顯差異，想了解不同報紙的報導風格

研究目的：
- 比較臺灣四大報《蘋果日報》、《自由時報》、《聯合報》、《中國時報》的報導風格
- 分析常用詞彙、句長、標點、虛字等因素

研究方法：
- 選取每天頭版頭條新聞，資料期間為2012年至2018年
- 以常用詞彙、句長、標點、虛字等因素為解釋變數進行分析
- 使用Jaccard指標和Yue指標進行相似度分析
- 使用統計及機器學習模型進行區隔分析

研究結果：
- 四大報頭條標題及內文的用字風格不完全相同，其中標題的Jaccard指標將同時期報導放在同一群，Yue指標將四大報分成三群
- 內文分析發現《自由時報》傾向政治新聞，《蘋果日報》傾向社會新聞
- 統計及機器學習模型都能準確地區隔《自由時報》或《蘋果日報》"
78,"研究動機：
- 報導同一主題的報導經常有明顯差異，想探討四大報之間報導風格的差異

研究目的：
- 比較臺灣四大報《蘋果日報》、《自由時報》、《聯合報》、《中國時報》的報導風格差異
- 研究報紙報導風格的常見詞彙、句長、標點、虛字等因素

研究方法：
- 選取每天頭版頭條新聞，資料期間為2012年至2018年
- 分析常用詞彙、句長、標點、虛字等因素，並使用Jaccard指標和Yue指標將四大報分群
- 使用統計和機器學習模型分析常見詞彙區隔《自由時報》或《蘋果日報》

研究結果：
- 四大報頭條標題及內文的用字風格不完全相同，其中標題的Jaccard指標將同時期報導放在同一群，Yue指標將四大報分成三群
- 內文分析發現《自由時報》傾向政治新聞，《蘋果日報》傾向社會新聞
- 統計和機器學習模型能夠準確地區隔《自由時報》或《蘋果日報》"
79,"研究動機：
- 媒體對同一主題的報導經常有明顯差異，想進一步研究報紙報導風格的差異。

研究目的：
- 比較臺灣四大報《蘋果日報》、《自由時報》、《聯合報》、《中國時報》的報導風格。
- 探討此四大報頭條標題及內文的常用詞彙、句長、標點、虛字的用字風格。
- 探討不同報紙對於政治和社會新聞的報導偏好。

研究方法：
- 選取每天頭版頭條新聞，資料期間為2012年至2018年，其中頭條標題涵蓋四大報，但頭條內文僅有《蘋果日報》、《自由時報》。
- 分析常用詞彙、句長、標點、虛字等詞彙使用情況。
- 使用Jaccard指標和Yue指標將報導分群。
- 以能夠代表兩報的常見詞彙為解釋變數，使用統計及機器學習模型進行分類。

研究結果：
- 四大報頭條標題及內文的用字風格不完全相同，其中標題的Jaccard指標將同時期報導放在同一群，Yue指標將四大報分成三群。
- 《自由時報》傾向政治新聞，《蘋果日報》傾向社會新聞。
- 使用統計及機器學習模型皆能準確地區隔《自由時報》或《蘋果日報》。"
80,"研究動機：
- 媒體對同一主題的報導經常有明顯差異，想探討不同媒體的報導風格。

研究目的：
- 比較臺灣四大報《蘋果日報》、《自由時報》、《聯合報》、《中國時報》的報導風格。
- 分析常用詞彙、句長、標點、虛字等方面，探討四大報頭條及內文的用字風格相異之處。
- 利用統計及機器學習模型進行分析，區隔不同報紙的風格。

研究方法：
- 選取每天頭版頭條新聞，資料期間為2012年至2018年，其中頭條標題涵蓋四大報，但頭條內文僅有《蘋果日報》、《自由時報》。
- 分析常用詞彙、句長、標點、虛字等項目。
- 利用統計及機器學習模型進行分析，區隔不同報紙的風格。

研究結果：
- 四大報頭條標題及內文的用字風格不完全相同。
- 標題的Jaccard指標將同時期報導放在同一群，Yue指標將四大報分成三群。
- 內文分析發現《自由時報》傾向政治新聞，《蘋果日報》傾向社會新聞。
- 能夠代表不同報紙的常見詞彙被用作統計及機器學習模型的解釋變數，準確地區隔出《自由時報》或《蘋果日報》的風格。"
81,"研究動機：

- 媒體對同一主題的報導風格存在明顯差異，有研究表明這些差異與報紙的政治傾向有關，但這種關係還需要更進一步的探究和驗證。

研究目的：

- 比較臺灣四大報《蘋果日報》、《自由時報》、《聯合報》、《中國時報》的報導風格，特別是針對標題和內文的用字風格進行分析。
- 研究報導風格的差異是否與報紙的政治傾向有關。

研究方法：

- 選取每天頭版頭條新聞，資料期間為2012年至2018年。
- 針對四大報的標題和內文使用常見詞彙、句長、標點、虛字等因素進行分析。
- 使用Jaccard指標和Yue指標對報導進行分群，使用統計和機器學習模型進行分類。

研究結果：

- 四大報頭條標題及內文的用字風格存在差異，其中標題的Jaccard指標將同時期報導放在同一群，Yue指標將四大報分成三群。
- 內文分析發現《自由時報》傾向政治新聞，而《蘋果日報》則傾向社會新聞。
- 統計和機器學習模型都能夠準確地區隔《自由時報》或《蘋果日報》。"
82,"研究動機：
- 媒體對同一主題報導的風格常有差異。
- 想了解臺灣四大報對同一主題的報導風格差異。

研究目的：
- 比較臺灣四大報《蘋果日報》、《自由時報》、《聯合報》、《中國時報》的報導風格。
- 探討報紙頭條標題以及內文的用字風格。
- 評估常用詞彙、句長、標點、虛字在報導風格分析中的應用。

研究方法：
- 選取每天頭版頭條新聞，資料期間為2012年至2018年。
- 針對報紙標題、常用詞彙、句長、標點、虛字等方面進行 texto mining 與統計分析。
- 以Jaccard指標和Yue指標等分群演算法進行分析。

研究結果：
- 四大報頭條標題及內文的用字風格不完全相同，用Jaccard指標將同時期報導放在同一群，Yue指標將四大報分成三群。
- 《自由時報》傾向政治新聞，而《蘋果日報》傾向社會新聞。
- 常用詞彙、句長、標點、虛字等在此研究中有助於分析報導風格。"
83,"研究動機：
- 媒體對同一主題的報導風格常有明顯差異，想了解臺灣四大報的報導風格之異同。

研究目的：
- 比較臺灣四大報《蘋果日報》、《自由時報》、《聯合報》、《中國時報》的報導風格。
- 避免報紙立場及題材造成的干擾，本文選取每天頭版頭條新聞，資料期間為2012年至2018年，其中頭條標題涵蓋四大報，但頭條內文僅有《蘋果日報》、《自由時報》。
- 分析常用詞彙、句長、標點、虛字，探討不同報紙的用字風格差異。

研究方法：
- 蒐集頭版頭條新聞資料，並挑選常用詞彙、句長、標點、虛字進行分析研究。
- 使用Jaccard指標及Yue指標，將同期報導分別放在同一群與分成三群，探討不同報紙頭條標題的異同。
- 以能夠代表兩報的常見詞彙為解釋變數，統計及機器學習模型進行分析比較。

研究結果：
- 四大報頭條標題及內文的用字風格不完全相同，其中標題的Jaccard指標將同時期報導放在同一群，Yue指標將四大報分成三群。
- 內文分析發現《自由時報》傾向政治新聞，《蘋果日報》傾向社會新聞。
- 統計及機器學習模型都能準確地區隔《自由時報》或《蘋果日報》。"
84,"研究動機：
- 媒體對同一主題的報導經常有明顯差異

研究目的：
- 比較臺灣四大報《蘋果日報》、《自由時報》、《聯合報》、《中國時報》的報導風格
- 探討不同報社標題及內文的詞彙使用差異
- 分析能否透過用字風格區隔不同報社

研究方法：
- 選取每天頭版頭條新聞，資料期間為2012年至2018年
- 分析常用詞彙、句長、標點、虛字
- 使用Jaccard指標和Yue指標分析四大報的標題風格
- 使用統計及機器學習模型區隔《自由時報》或《蘋果日報》

研究結果：
- 四大報頭條標題及內文的用字風格不完全相同
- 標題的Jaccard指標將同時期報導放在同一群，Yue指標將四大報分成三群
- 《自由時報》傾向政治新聞，《蘋果日報》傾向社會新聞
- 能夠代表兩報的常見詞彙為解釋變數時，統計及機器學習模型都能準確地區隔《自由時報》或《蘋果日報》。"
85,"研究動機：
- 媒體對同一主題的報導經常有明顯差異，想探討不同報紙在報導風格上的差異。

研究目的：
- 比較臺灣四大報《蘋果日報》、《自由時報》、《聯合報》、《中國時報》的報導風格
- 探討不同報紙在頭條標題及內文中常用詞彙、句長、標點、虛字等方面的差異
- 分析不同報紙在報導類別上的傾向

研究方法：
- 選取每天頭版頭條新聞，資料期間為2012年至2018年
- 分析常用詞彙、句長、標點、虛字及標題風格等指標，應用Jaccard指標及Yue指標進行分群分析
- 以能夠代表兩報的常見詞彙為解釋變數，採用統計及機器學習模型進行區隔

研究結果：
- 四大報頭條標題及內文的用字風格不完全相同，其中標題的Jaccard指標將同時期報導放在同一群，Yue指標將四大報分成三群
- 不同報紙在報導類別上有明顯的傾向，《自由時報》傾向政治新聞，《蘋果日報》傾向社會新聞
- 統計及機器學習模型都能準確地區隔《自由時報》或《蘋果日報》。"
86,"研究動機：
- 媒體對同一主題的報導經常有明顯差異

研究目的：
- 比較臺灣四大報《蘋果日報》、《自由時報》、《聯合報》、《中國時報》的報導風格
- 探討四大報頭條標題及內文的用字風格差異
- 瞭解不同報紙偏好的新聞類型

研究方法：
- 選取每天頭版頭條新聞，資料期間為2012年至2018年
- 分析常用詞彙、句長、標點、虛字
- 使用Jaccard指標與Yue指標進行分析
- 統計及機器學習模型進行分析

研究結果：
- 四大報頭條標題及內文的用字風格不完全相同，其中標題的Jaccard指標將同時期報導放在同一群，Yue指標將四大報分成三群
- 《自由時報》偏好政治新聞，而《蘋果日報》偏好社會新聞
- 使用常見詞彙為解釋變數的統計及機器學習模型都能準確地區隔《自由時報》或《蘋果日報》"
87,"研究動機：
- 媒體對同一主題報導經常有明顯差異

研究目的：
- 比較臺灣四大報《蘋果日報》、《自由時報》、《聯合報》、《中國時報》的報導風格

研究方法：
- 選取每天頭版頭條新聞，資料期間為2012年至2018年
- 分析常用詞彙、句長、標點、虛字
- 使用Jaccard指標、Yue指標進行分析
- 使用統計及機器學習模型進行區隔

研究結果：
- 四大報頭條標題及內文的用字風格不完全相同
- 標題的Jaccard指標將同時期報導放在同一群，Yue指標將四大報分成三群
- 內文分析發現《自由時報》傾向政治新聞，《蘋果日報》傾向社會新聞
- 以能夠代表兩報的常見詞彙為解釋變數，統計及機器學習模型都能準確地區隔《自由時報》或《蘋果日報》"
88,"研究動機：

1. 媒體對同一主題的報導經常有明顯差異。

研究目的：

1. 比較臺灣四大報《蘋果日報》、《自由時報》、《聯合報》、《中國時報》的報導風格。
2. 分析常用詞彙、句長、標點、虛字等方面的差異。
3. 從頭條標題及內文分析，深入探討四大報新聞報導風格的差異。

研究方法：

1. 選取每天頭版頭條新聞作為研究樣本。
2. 資料期間為2012年至2018年。
3. 比較臺灣四大報的報導風格，避免報紙立場及題材造成的干擾。
4. 分析常用詞彙、句長、標點、虛字等多個方面的差異。
5. 利用統計及機器學習模型進行分析。

研究結果：

1. 四大報頭條標題及內文的用字風格不完全相同。
2. 標題的Jaccard指標將同時期報導放在同一群，Yue指標將四大報分成三群。
3. 《自由時報》傾向政治新聞，《蘋果日報》傾向社會新聞。
4. 利用可表示《自由時報》或《蘋果日報》的常見詞彙作為解釋變數，統計及機器學習模型能夠準確區隔這兩份報紙。"
89,"研究動機：
- 媒體對同一主題的報導經常有明顯差異，欲探討此現象。

研究目的：
- 比較臺灣四大報的報導風格差異。
- 探討不同媒體對同一主題報導標題及內文的用字風格差異。

研究方法：
- 選取每天頭版頭條新聞，範圍為2012年至2018年。
- 分析常用詞彙、句長、標點、虛字等變項。
- 使用Jaccard指標和Yue指標進行群聚分析，並進行統計及機器學習分析。

研究結果：
- 四大報頭條標題及內文的用字風格不完全相同。
- 標題的Jaccard指標將同時期報導放在同一群，Yue指標將四大報分成三群。
- 內文分析發現《自由時報》傾向政治新聞，《蘋果日報》傾向社會新聞。
- 統計及機器學習模型都能準確地區隔《自由時報》或《蘋果日報》。"
90,"研究動機：
- 媒體對同一主題的報導經常有明顯差異，因此有必要探討報紙報導風格。

研究目的：
- 比較臺灣四大報《蘋果日報》、《自由時報》、《聯合報》、《中國時報》的報導風格。
- 避免報紙立場及題材造成的干擾，選取每天頭版頭條新聞，資料期間為2012年至2018年。
- 分析常用詞彙、句長、標點、虛字等變數。

研究方法：
- 文字分析方法，包括Jaccard指標及Yue指標。
- 分析頭條標題及內文的用字風格，使用統計及機器學習模型。

研究結果：
- 四大報頭條標題及內文的用字風格不完全相同。
- 頭條標題的Jaccard指標將同時期報導放在同一群，Yue指標將四大報分成三群。
- 內文分析發現，《自由時報》傾向政治新聞，《蘋果日報》傾向社會新聞。
- 使用能夠代表兩報的常見詞彙為解釋變數，統計及機器學習模型都能準確地區隔《自由時報》或《蘋果日報》。"
91,"研究動機：
媒體對同一主題的報導經常有明顯差異，想探討報紙報導風格之差異。

研究目的：
比較臺灣四大報《蘋果日報》、《自由時報》、《聯合報》、《中國時報》的報導風格，研究其標題及內文用字風格之異同。

研究方法：
選取每天頭版頭條新聞，資料期間為2012年至2018年。藉由分析常用詞彙、句長、標點、虛字等，進行統計及機器學習分析。

研究結果：
四大報頭條標題及內文的用字風格不完全相同，其中標題的Jaccard指標將同時期報導放在同一群，Yue指標將四大報分成三群。內文分析發現《自由時報》傾向政治新聞，《蘋果日報》傾向社會新聞，以能夠代表兩報的常見詞彙為解釋變數，統計及機器學習模型都能準確地區隔《自由時報》或《蘋果日報》。"
92,"研究動機：
- 媒體對同一主題的報導有明顯差異，希望探討這種差異對報導風格的影響。

研究目的：
- 比較臺灣四大報《蘋果日報》、《自由時報》、《聯合報》、《中國時報》的報導風格。
- 探討四大報的頭條標題及內文的用字風格是否完全相同。
- 比較四大報在語言使用上的異同，並找出常見詞彙代表性的特徵。

研究方法：
- 選取每天頭版頭條新聞，資料期間為2012年至2018年。
- 分析常用詞彙、句長、標點、虛字等語言使用特徵，使用Jaccard及Yue指標將報紙分群。
- 以能夠代表兩報的常見詞彙為解釋變數，統計及機器學習 模型進行區隔《自由時報》或《蘋果日報》。

研究結果：
- 四大報頭條標題及內文的用字風格存在差異。
- 常用詞彙代表性的特徵可以用來區隔《自由時報》或《蘋果日報》。"
93,"研究動機：
- 媒體對同一主題的報導經常有明顯差異，想探討這些差異的風格因素與顯著性。

研究目的：
- 比較臺灣四大報《蘋果日報》、《自由時報》、《聯合報》、《中國時報》的報導風格。
- 避免報紙立場及題材造成的干擾，選取每天頭版頭條新聞，資料期間為2012年至2018年。
- 分析常用詞彙、句長、標點、虛字等風格因素，以Jaccard指標和Yue指標區別報紙風格，以常見詞彙為解釋變數，進行統計以及機器學習等方法。

研究方法：
- 比較四大報頭條標題及內文的用字風格，以Jaccard指標和Yue指標區分報紙風格。
- 分析常用詞彙、句長、標點、虛字等風格因素，以常見詞彙為解釋變數，進行統計以及機器學習等方法。

研究結果：
- 四大報頭條標題及內文的用字風格不完全相同，其中標題的Jaccard指標將同時期報導放在同一群，Yue指標將四大報分成三群。
- 內文分析發現《自由時報》傾向政治新聞，《蘋果日報》傾向社會新聞。
- 以能夠代表兩報的常見詞彙為解釋變數，統計及機器學習 模型都能準確地區隔《自由時報》或《蘋果日報》。"
94,"1. 研究動機：
- 媒體對同一主題的報導經常有明顯差異，探討報紙報導風格的差異。

2. 研究目的：
- 比較臺灣四大報《蘋果日報》、《自由時報》、《聯合報》、《中國時報》的報導風格。
- 探討四大報在報導詞彙、句長、標點、虛字等方面之差異。
- 分析四大報頭條標題及內文的用字風格。

3. 研究方法：
- 選取每天頭版頭條新聞，資料期間為2012年至2018年；其中頭條標題涵蓋四大報，但頭條內文僅有《蘋果日報》、《自由時報》。
- 分析常用詞彙、句長、標點、虛字等指標，使用Jaccard指標及Yue指標進行文本相似度分析。
- 以能夠代表兩報的常見詞彙為解釋變數，使用統計及機器學習模型進行分類分析。

4. 研究結果：
- 四大報頭條標題及內文的用字風格不完全相同，且報導詞彙、句長、標點、虛字等方面亦有差異。
- 標題的Jaccard指標將同時期報導放在同一群，Yue指標將四大報分成三群。
- 內文分析發現《自由時報》傾向政治新聞，《蘋果日報》傾向社會新聞。
- 使用統計及機器學習模型，能夠準確地區隔《自由時報》或《蘋果日報》。"
95,"研究動機：
- 媒體對同一主題的報導經常有明顯差異，需要對報導風格進行比較分析。

研究目的：
- 比較臺灣四大報《蘋果日報》、《自由時報》、《聯合報》、《中國時報》的報導風格。
- 分析四大報頭條標題及內文的用字風格差異。
- 探討常用詞彙、句長、標點、虛字等關鍵詞在不同報紙中的出現頻率。

研究方法：
- 選取每天頭版頭條新聞，資料期間為2012年至2018年。
- 分析常用詞彙、句長、標點、虛字等詞彙特徵。
- 使用Jaccard指標和Yue指標將同時期報導分成不同群組。
- 利用統計與機器學習模型將常見詞彙作為解釋變數，準確區隔不同報紙的特色。

研究結果：
- 四大報頭條標題及內文的用字風格不完全相同。
- 標題的Jaccard指標將同時期報導放在同一群，Yue指標將四大報分成三群。
- 《自由時報》傾向政治新聞，《蘋果日報》傾向社會新聞。
- 統計及機器學習模型都能準確地區隔《自由時報》或《蘋果日報》。"
96,"研究動機：
- 媒體對同一主題的報導經常有明顯差異。 

研究目的：
- 比較臺灣四大報《蘋果日報》、《自由時報》、《聯合報》、《中國時報》的報導風格。 
- 分析常用詞彙、句長、標點、虛字等標誌報導風格的變數。

研究方法：
- 選取每天頭版頭條新聞，資料期間為2012年至2018年。
- 使用Jaccard指標、Yue指標等方法進行群組分析比較四大報的報導風格。
- 分析《自由時報》、《蘋果日報》兩報的常見詞彙作為解釋變數，使用統計及機器學習模型準確地區隔報紙的報導風格。

研究結果：
- 四大報頭條標題及內文的用字風格不完全相同，其中標題的Jaccard指標將同時期報導放在同一群，Yue指標將四大報分成三群。
- 內文分析發現《自由時報》傾向政治新聞，《蘋果日報》傾向社會新聞，以能夠代表兩報的常見詞彙為解釋變數，統計及機器學習模型都能準確地區隔《自由時報》或《蘋果日報》。"
97,"研究動機：
- 媒體對同一主題的報導經常有明顯差異，探討報紙報導風格的差異性。

研究目的：
- 比較臺灣四大報《蘋果日報》、《自由時報》、《聯合報》、《中國時報》的報導風格。
- 分析常用詞彙、句長、標點、虛字等因素，探討四大報頭條標題及內文的用字風格。
- 分析《自由時報》和《蘋果日報》兩報的報導特點，以常見詞彙為解釋變數，建立統計和機器學習模型，區隔報紙報導的風格特點。

研究方法：
- 選取每天頭版頭條新聞，資料期間為2012年至2018年，比較四大報在頭條標題和內文的報導風格。
- 分析常用詞彙、句長、標點、虛字等因素，並使用Jaccard指標和Yue指標區分報紙報導的風格。
- 以統計和機器學習模型建立區隔報紙風格的方法。

研究結果：
- 四大報頭條標題和內文的用字風格不完全相同，使用Jaccard指標和Yue指標區分報紙報導的風格。
- 《自由時報》傾向政治新聞，《蘋果日報》傾向社會新聞，以常見詞彙為解釋變數，統計和機器學習模型都能區分出兩報的風格特點。"
98,"研究動機：
- 媒體對同一主題的報導經常有明顯差異，探討不同報紙的報導風格，對了解媒體對事件的處理和詮釋方式有幫助。

研究目的：
- 比較臺灣四大報《蘋果日報》、《自由時報》、《聯合報》、《中國時報》的報導風格。
- 分析四大報頭條標題及內文的用字風格是否相同。
- 探討不同報紙擅長報導的類型。

研究方法：
- 分析每天頭版頭條新聞，研究期間為2012年至2018年。
- 選取頭條標題涵蓋四大報，但頭條內文僅有《蘋果日報》、《自由時報》。
- 分析常用詞彙、句長、標點、虛字等影響報導風格的因素，使用統計及機器學習模型進行分析。

研究結果：
- 四大報頭條標題及內文的用字風格不完全相同，其中標題的Jaccard指標將同時期報導放在同一群，Yue指標將四大報分成三群。
- 《自由時報》傾向政治新聞，《蘋果日報》傾向社會新聞，以能夠代表兩報的常見詞彙為解釋變數，統計及機器學習模型都能準確地區隔《自由時報》或《蘋果日報》。"
99,"研究動機：
- 媒體對同一主題的報導經常有明顯差異，因此想了解不同媒體的報導風格。

研究目的：
- 比較臺灣四大報《蘋果日報》、《自由時報》、《聯合報》、《中國時報》的報導風格。
- 分析常用詞彙、句長、標點、虛字等因素對不同報紙報導的影響。
- 統計及機器學習 模型能否區隔不同報紙的風格特徵。

研究方法：
- 選取每天頭版頭條新聞，資料期間為2012年至2018年。
- 分析四大報頭條標題及內文的用字風格，使用Jaccard指標和Yue指標進行比較。
- 使用常見詞彙為解釋變數，進行統計和機器學習模型建立。

研究結果：
- 四大報頭條標題及內文的用字風格不完全相同，但Jaccard指標將同時期報導放在同一群，Yue指標將四大報分成三群。
- 《自由時報》傾向政治新聞，《蘋果日報》傾向社會新聞。
- 統計及機器學習模型都能準確地區隔《自由時報》或《蘋果日報》。"
100,"研究動機：
- 想瞭解媒體報導風格的差異，並從中找出報紙之間的異同

研究目的：
- 比較臺灣四大報《蘋果日報》、《自由時報》、《聯合報》、《中國時報》的報導風格
- 避免報紙立場及題材造成的干擾，選取每天頭版頭條新聞，資料期間為2012年至2018年，其中頭條標題涵蓋四大報，但頭條內文僅有《蘋果日報》、《自由時報》
- 分析常用詞彙、句長、標點、虛字等來比較報紙之間的報導風格

研究方法：
- 蒐集2012年至2018年間四大報頭版頭條新聞作為研究資料
- 分析常用詞彙、句長、標點、虛字等，來比較報紙之間的報導風格
- 利用Jaccard指標及Yue指標來分析報紙之間的差異
- 利用統計及機器學習模型來區隔《自由時報》或《蘋果日報》

研究結果：
- 四大報頭條標題及內文的用字風格不完全相同，其中標題的Jaccard指標將同時期報導放在同一群，Yue指標將四大報分成三群
- 內文分析發現《自由時報》傾向政治新聞，《蘋果日報》傾向社會新聞
- 以能夠代表兩報的常見詞彙為解釋變數，統計及機器學習模型都能準確地區隔《自由時報》或《蘋果日報》。"
